date,gold,oil,norm_gold,norm_oil
1/1/2014,1205.4,98.7,0.291594454,0.894386181
1/2/2014,1391.7,95.44,0.695190641,0.854164096
1/3/2014,1405.5,93.96,0.725086655,0.835903763
1/6/2014,1405,93.43,0.724003466,0.82936459
1/7/2014,1395.5,93.67,0.703422877,0.832325725
1/8/2014,1392.6,92.33,0.697140381,0.815792721
1/9/2014,1397.9,91.66,0.708622184,0.807526218
1/10/2014,1413.4,92.72,0.74220104,0.820604565
1/13/2014,1416,91.8,0.747833622,0.809253547
1/14/2014,1411.8,92.59,0.738734835,0.819000617
1/15/2014,1405.9,94.17,0.725953206,0.838494756
1/16/2014,1405.7,93.96,0.725519931,0.835903763
1/17/2014,1417.1,94.37,0.750216638,0.840962369
1/20/2014,1255.1,93.93,0.399263432,0.835533621
1/21/2014,1405.1,94.99,0.724220104,0.848611968
1/22/2014,1403.6,96.73,0.720970537,0.870080197
1/23/2014,1426.1,97.32,0.769714038,0.877359655
1/24/2014,1426,96.64,0.7694974,0.868969772
1/27/2014,1425.1,95.72,0.76754766,0.857618754
1/28/2014,1412,97.41,0.739168111,0.87847008
1/29/2014,1422.2,97.36,0.761265165,0.877853177
1/30/2014,1402.8,98.23,0.719237435,0.888587292
1/31/2014,1398.9,97.49,0.710788562,0.879457125
2/3/2014,1417.1,96.43,0.750216638,0.866378779
2/4/2014,1407.3,97.19,0.728986135,0.875755706
2/5/2014,1413,97.38,0.741334489,0.878099938
2/6/2014,1413.3,97.84,0.741984402,0.883775447
2/7/2014,1415.7,99.88,0.747183709,0.908945096
2/10/2014,1427.5,100.06,0.772746967,0.911165947
2/11/2014,1443.6,99.94,0.80762565,0.909685379
2/12/2014,1451.1,100.37,0.823873484,0.914990746
2/13/2014,1451.4,100.35,0.824523397,0.914743985
2/14/2014,1470.8,100.3,0.866551127,0.914127082
2/17/2014,1328.5,100.58,0.558275563,0.91758174
2/18/2014,1473.2,102.43,0.871750433,0.940407156
2/19/2014,1467.7,103.31,0.859835355,0.951264651
2/20/2014,1467.8,102.92,0.860051993,0.946452807
2/21/2014,1474.4,102.2,0.874350087,0.937569402
2/24/2014,1491,102.82,0.910311958,0.945219001
2/25/2014,1493.8,101.83,0.916377816,0.933004318
2/26/2014,1478.4,102.59,0.883015598,0.942381246
2/27/2014,1481.3,102.4,0.889298094,0.940037014
2/28/2014,1473,102.59,0.871317158,0.942381246
3/3/2014,1500,104.92,0.929809359,0.971128933
3/4/2014,1488.7,103.33,0.905329289,0.951511413
3/5/2014,1491.1,101.45,0.910528596,0.928315854
3/6/2014,1504.3,101.56,0.939124783,0.929673041
3/7/2014,1494.6,102.58,0.918110919,0.942257866
3/10/2014,1497.2,101.12,0.923743501,0.924244294
3/11/2014,1502.2,100.03,0.93457539,0.910795805
3/12/2014,1525.2,97.99,0.98440208,0.885626157
3/13/2014,1526,98.2,0.986135182,0.88821715
3/14/2014,1532.4,98.89,1,0.896730413
3/17/2014,1525.6,98.08,0.985268631,0.886736582
3/18/2014,1511.6,99.7,0.954939341,0.906724244
3/19/2014,1493,100.37,0.914644714,0.914990746
3/20/2014,1488.7,99.43,0.905329289,0.903392967
3/21/2014,1493.5,99.46,0.915727903,0.903763109
3/24/2014,1468.5,99.6,0.861568458,0.905490438
3/25/2014,1466.4,99.19,0.857019064,0.900431832
3/26/2014,1456.1,100.26,0.834705373,0.91363356
3/27/2014,1447.8,101.28,0.816724437,0.926218384
3/28/2014,1445.3,101.67,0.811308492,0.931030228
3/31/2014,1433.8,101.58,0.786395147,0.929919803
4/1/2014,1430,99.74,0.778162912,0.907217767
4/2/2014,1442.5,99.62,0.805242634,0.905737199
4/3/2014,1435.1,100.29,0.789211438,0.914003701
4/4/2014,1452.7,101.14,0.827339688,0.924491055
4/7/2014,1442.7,100.44,0.80567591,0.915854411
4/8/2014,1452.3,102.56,0.826473137,0.942011104
4/9/2014,1451.1,103.6,0.823873484,0.95484269
4/10/2014,1461.7,103.4,0.846837088,0.952375077
4/11/2014,1459.7,103.74,0.842504333,0.956570019
4/14/2014,1469.3,104.05,0.86330156,0.960394818
4/15/2014,1442,103.75,0.804159445,0.956693399
4/16/2014,1446,103.76,0.812824957,0.95681678
4/17/2014,1437.5,104.3,0.794410745,0.963479334
4/18/2014,1437.5,104.3,0.794410745,0.963479334
4/21/2014,1432.4,104.37,0.783362218,0.964342998
4/22/2014,1425.4,102.13,0.768197574,0.936705737
4/23/2014,1424,101.44,0.765164645,0.928192474
4/24/2014,1429.7,101.94,0.777512998,0.934361505
4/25/2014,1438.9,100.6,0.797443674,0.917828501
4/28/2014,1435.7,100.84,0.790511265,0.920789636
4/29/2014,1432.5,101.28,0.783578856,0.926218384
4/30/2014,1431.8,99.74,0.782062392,0.907217767
5/1/2014,1417.5,99.42,0.751083189,0.903269587
5/2/2014,1437.5,99.76,0.794410745,0.907464528
5/5/2014,1444.4,99.48,0.809358752,0.90400987
5/6/2014,1444,99.5,0.808492201,0.904256632
5/7/2014,1423.3,100.77,0.76364818,0.919925972
5/8/2014,1421.7,100.26,0.760181976,0.91363356
5/9/2014,1421.8,99.99,0.760398614,0.910302283
5/12/2014,1430.6,100.59,0.779462738,0.91770512
5/13/2014,1427.5,101.7,0.772746967,0.93140037
5/14/2014,1435.3,102.37,0.789644714,0.939666872
5/15/2014,1422,101.5,0.760831889,0.928932758
5/16/2014,1422.3,102.02,0.761481802,0.93534855
5/19/2014,1421.9,102.61,0.760615251,0.942628007
5/20/2014,1422.5,102.44,0.761915078,0.940530537
5/21/2014,1416.1,104.07,0.74805026,0.960641579
5/22/2014,1422.7,103.74,0.762348354,0.956570019
5/23/2014,1419.1,104.35,0.754549393,0.964096237
5/26/2014,1292.5,104.28,0.480285962,0.963232572
5/27/2014,1392.9,104.11,0.697790295,0.961135102
5/28/2014,1385.4,102.72,0.681542461,0.943985194
5/29/2014,1379.5,103.58,0.668760832,0.954595928
5/30/2014,1368.9,102.71,0.645797227,0.943861814
6/2/2014,1367.7,102.47,0.643197574,0.940900679
6/3/2014,1368.2,102.66,0.644280763,0.943244911
6/4/2014,1368.4,102.64,0.644714038,0.942998149
6/5/2014,1377.3,102.48,0.663994801,0.941024059
6/6/2014,1377.6,102.66,0.664644714,0.943244911
6/9/2014,1380.2,104.41,0.670277296,0.964836521
6/10/2014,1386.5,104.35,0.683925477,0.964096237
6/11/2014,1387,104.4,0.685008666,0.96471314
6/12/2014,1399.9,106.53,0.712954939,0.990993214
6/13/2014,1401.6,106.91,0.716637782,0.995681678
6/16/2014,1403,106.9,0.719670711,0.995558297
6/17/2014,1399.9,106.36,0.712954939,0.988895743
6/18/2014,1400.6,105.97,0.714471404,0.984083899
6/19/2014,1442.5,106.43,0.805242634,0.989759408
6/20/2014,1445.2,107.26,0.811091854,1
6/23/2014,1447,106.17,0.814991334,0.986551511
6/24/2014,1448.6,106.03,0.818457539,0.984824183
6/25/2014,1449.2,106.5,0.819757366,0.990623072
6/26/2014,1443.4,105.84,0.807192374,0.982479951
6/27/2014,1444.7,105.74,0.810008666,0.981246144
6/30/2014,1445.1,105.37,0.810875217,0.976681061
7/1/2014,1450.2,105.34,0.821923744,0.976310919
7/2/2014,1454.8,104.48,0.831889081,0.965700185
7/3/2014,1445.6,104.06,0.811958406,0.960518199
7/4/2014,1321.3,103.76,0.542677643,0.95681678
7/7/2014,1442,103.53,0.804159445,0.953979025
7/8/2014,1441.4,103.4,0.802859619,0.952375077
7/9/2014,1449.7,102.29,0.820840555,0.938679827
7/10/2014,1464.7,102.93,0.853336222,0.946576188
7/11/2014,1462.9,100.83,0.849436742,0.920666255
7/14/2014,1430.7,100.91,0.779679376,0.9216533
7/15/2014,1421.3,99.96,0.759315425,0.909932141
7/16/2014,1424.9,101.2,0.767114385,0.925231339
7/17/2014,1442.1,103.19,0.804376083,0.949784084
7/18/2014,1434.7,103.13,0.788344887,0.9490438
7/21/2014,1439.6,104.59,0.798960139,0.967057372
7/22/2014,1431.6,104.42,0.781629116,0.964959901
7/23/2014,1430.3,103.12,0.778812825,0.948920419
7/24/2014,1417.3,102.07,0.750649913,0.935965453
7/25/2014,1430.3,102.09,0.778812825,0.936212215
7/28/2014,1432,101.67,0.782495667,0.931030228
7/29/2014,1426.7,100.97,0.771013865,0.922393584
7/30/2014,1426.1,100.27,0.769714038,0.91375694
7/31/2014,1411.5,98.17,0.738084922,0.887847008
8/1/2014,1421.1,97.88,0.758882149,0.88426897
8/4/2014,1411.9,98.29,0.738951473,0.889327576
8/5/2014,1409,97.38,0.732668977,0.878099938
8/6/2014,1432.7,96.92,0.784012132,0.872424429
8/7/2014,1437.3,97.34,0.79397747,0.877606416
8/8/2014,1435.9,97.65,0.790944541,0.881431215
8/11/2014,1435.5,98.08,0.79007799,0.886736582
8/12/2014,1435.3,97.37,0.789644714,0.877976558
8/13/2014,1437.9,97.59,0.795277296,0.880690932
8/14/2014,1439.1,95.58,0.79787695,0.855891425
8/15/2014,1429.4,97.35,0.776863085,0.877729796
8/18/2014,1422.8,96.41,0.762564991,0.866132017
8/19/2014,1419,94.48,0.754332756,0.842319556
8/20/2014,1419,96.07,0.754332756,0.861937076
8/21/2014,1399.2,93.96,0.711438475,0.835903763
8/22/2014,1404.1,93.65,0.722053726,0.832078964
8/25/2014,1403.1,93.35,0.719887348,0.828377545
8/26/2014,1409.3,93.86,0.733318891,0.834669957
8/27/2014,1406.9,93.88,0.728119584,0.834916718
8/28/2014,1413.8,94.55,0.743067591,0.84318322
8/29/2014,1410.6,95.96,0.736135182,0.860579889
9/1/2014,1287.4,95.83,0.469237435,0.858975941
9/2/2014,1389,92.88,0.689341421,0.822578655
9/3/2014,1395.5,95.54,0.703422877,0.855397903
9/4/2014,1392.3,94.45,0.696490468,0.841949414
9/5/2014,1393.2,93.29,0.698440208,0.827637261
9/8/2014,1380.2,92.66,0.670277296,0.819864281
9/9/2014,1374.6,92.75,0.658145581,0.820974707
9/10/2014,1372,91.67,0.652512998,0.807649599
9/11/2014,1365.4,92.83,0.638214905,0.821961752
9/12/2014,1357.8,92.27,0.621750433,0.815052437
9/15/2014,1361.3,92.92,0.629332756,0.823072178
9/16/2014,1363,94.88,0.633015598,0.847254781
9/17/2014,1362,94.42,0.63084922,0.841579272
9/18/2014,1353.4,93.07,0.612218371,0.824922887
9/19/2014,1343.1,92.41,0.589904679,0.816779766
9/22/2014,1344.2,91.52,0.592287695,0.80579889
9/23/2014,1347.2,91.56,0.598786828,0.806292412
9/24/2014,1344.9,92.8,0.593804159,0.82159161
9/25/2014,1346.4,92.53,0.597053726,0.818260333
9/26/2014,1340.4,93.54,0.584055459,0.830721777
9/29/2014,1343.7,94.57,0.591204506,0.843429981
9/30/2014,1336.7,91.16,0.576039861,0.801357187
10/1/2014,1340.2,90.73,0.583622184,0.79605182
10/2/2014,1338.1,91.01,0.57907279,0.799506477
10/3/2014,1316.9,89.74,0.533145581,0.783837138
10/6/2014,1330.7,90.34,0.563041594,0.791239975
10/7/2014,1333.6,88.85,0.56932409,0.772856262
10/8/2014,1314.2,87.31,0.52729636,0.753855645
10/9/2014,1328.8,85.77,0.558925477,0.734855028
10/10/2014,1323.7,85.82,0.54787695,0.735471931
10/13/2014,1329.3,85.74,0.560008666,0.734484886
10/14/2014,1329.3,81.84,0.560008666,0.68636644
10/15/2014,1331.3,81.78,0.564341421,0.685626157
10/16/2014,1327.5,82.7,0.556109185,0.696977175
10/17/2014,1328.5,82.75,0.558275563,0.697594078
10/20/2014,1334.3,82.71,0.570840555,0.697100555
10/21/2014,1341.8,82.81,0.587088388,0.698334362
10/22/2014,1336.6,80.52,0.575823224,0.670080197
10/23/2014,1322.1,82.09,0.544410745,0.689450956
10/24/2014,1325,81.01,0.550693241,0.676125848
10/27/2014,1322.4,81,0.545060659,0.676002468
10/28/2014,1322.6,81.42,0.545493934,0.681184454
10/29/2014,1319.2,82.2,0.53812825,0.690808143
10/30/2014,1292.9,81.12,0.481152513,0.677483035
10/31/2014,1265.9,80.54,0.422660312,0.670326959
11/3/2014,1264.4,78.78,0.419410745,0.648611968
11/4/2014,1260.3,77.19,0.410528596,0.628994448
11/5/2014,1238.1,78.68,0.362435009,0.647378162
11/6/2014,1234.4,77.91,0.354419411,0.637877853
11/7/2014,1261,78.65,0.412045061,0.64700802
11/10/2014,1251.3,77.4,0.391031196,0.631585441
11/11/2014,1255.1,77.94,0.399263432,0.638247995
11/12/2014,1250.4,77.18,0.389081456,0.628871067
11/13/2014,1251.4,74.21,0.391247834,0.59222702
11/14/2014,1275.6,75.82,0.443674177,0.612091302
11/17/2014,1273.7,75.64,0.439558059,0.60987045
11/18/2014,1285.5,74.61,0.465121317,0.597162246
11/19/2014,1283.4,74.58,0.460571924,0.596792104
11/20/2014,1278.9,75.58,0.450823224,0.609130167
11/21/2014,1285.9,76.51,0.465987868,0.620604565
11/24/2014,1284.2,75.78,0.462305026,0.611597779
11/25/2014,1285.2,74.09,0.464471404,0.590746453
11/26/2014,1284.5,73.69,0.462954939,0.585811228
11/27/2014,1188.8,68.55,0.255632582,0.522393584
11/28/2014,1261.2,66.15,0.412478336,0.492782233
12/1/2014,1302.5,69,0.50194974,0.527945713
12/2/2014,1284.7,66.88,0.463388215,0.501789019
12/3/2014,1295.8,67.38,0.487435009,0.507958051
12/4/2014,1294.2,66.81,0.483968804,0.500925355
12/5/2014,1280.8,65.84,0.454939341,0.488957434
12/8/2014,1284.4,63.05,0.462738302,0.454534238
12/9/2014,1320.2,63.82,0.540294627,0.464034547
12/10/2014,1315.5,60.94,0.530112652,0.428500925
12/11/2014,1312.3,59.95,0.523180243,0.416286243
12/12/2014,1303.5,57.81,0.504116118,0.389882788
12/15/2014,1287.7,55.91,0.469887348,0.366440469
12/16/2014,1272,55.93,0.435875217,0.36668723
12/17/2014,1272.3,56.47,0.43652513,0.373349784
12/18/2014,1273.9,54.11,0.439991334,0.344231956
12/19/2014,1275.6,56.52,0.443674177,0.373966687
12/22/2014,1259.7,55.26,0.409228769,0.358420728
12/23/2014,1259.7,57.12,0.409228769,0.381369525
12/24/2014,1255.6,55.84,0.40034662,0.365576804
12/25/2014,1177,55.92,0.230069324,0.366563849
12/26/2014,1277.7,54.73,0.44822357,0.351881555
12/29/2014,1262.9,53.61,0.416161179,0.338062924
12/30/2014,1281.9,54.12,0.457322357,0.344355336
12/31/2014,1265.4,53.27,0.421577123,0.333867983
1/1/2015,1186.8,54.56,0.251299827,0.349784084
1/2/2015,1267.7,52.69,0.426559792,0.326711906
1/5/2015,1283.5,50.04,0.460788562,0.294016039
1/6/2015,1292.2,47.93,0.479636049,0.267982727
1/7/2015,1283.6,48.65,0.461005199,0.276866132
1/8/2015,1281.6,48.79,0.456672444,0.278593461
1/9/2015,1287.4,48.36,0.469237435,0.273288094
1/12/2015,1303.2,46.07,0.503466205,0.24503393
1/13/2015,1304.5,45.89,0.506282496,0.242813078
1/14/2015,1294.5,48.48,0.484618718,0.274768661
1/15/2015,1322.8,46.25,0.54592721,0.247254781
1/16/2015,1334.9,48.69,0.572140381,0.277359655
1/19/2015,1275.9,47.78,0.44432409,0.266132017
1/20/2015,1352.4,46.39,0.610051993,0.24898211
1/21/2015,1353.4,47.78,0.612218371,0.266132017
1/22/2015,1365.2,46.31,0.637781629,0.247995065
1/23/2015,1357.6,45.59,0.621317158,0.239111659
1/26/2015,1345.6,45.15,0.595320624,0.233682912
1/27/2015,1354.7,46.23,0.615034662,0.24700802
1/28/2015,1346.9,44.45,0.598136915,0.225046268
1/29/2015,1315.8,44.53,0.530762565,0.226033313
1/30/2015,1336.6,48.24,0.575823224,0.271807526
2/2/2015,1334.4,49.57,0.571057192,0.28821715
2/3/2015,1319.3,53.05,0.538344887,0.331153609
2/4/2015,1325.4,48.45,0.551559792,0.274398519
2/5/2015,1323.9,50.48,0.548310225,0.299444787
2/6/2015,1301.6,51.69,0.5,0.314373843
2/9/2015,1308.9,52.86,0.515814558,0.328809377
2/10/2015,1300.2,50.02,0.496967071,0.293769278
2/11/2015,1288.2,48.84,0.470970537,0.279210364
2/12/2015,1287.7,51.21,0.469887348,0.308451573
2/13/2015,1294.2,52.78,0.483968804,0.327822332
2/16/2015,1231.7,53.61,0.348570191,0.338062924
2/17/2015,1278.9,53.53,0.450823224,0.337075879
2/18/2015,1270.5,52.14,0.43262565,0.319925972
2/19/2015,1275.9,51.16,0.44432409,0.30783467
2/20/2015,1272.2,50.34,0.436308492,0.297717458
2/23/2015,1267.7,49.45,0.426559792,0.286736582
2/24/2015,1262.1,49.28,0.414428076,0.284639112
2/25/2015,1265,50.99,0.420710572,0.305737199
2/26/2015,1275.1,48.17,0.442590988,0.270943862
2/27/2015,1278.4,49.76,0.449740035,0.290561382
3/2/2015,1274.8,49.59,0.441941075,0.288463911
3/3/2015,1273.2,50.52,0.43847487,0.29993831
3/4/2015,1269.6,51.53,0.43067591,0.312399753
3/5/2015,1265.1,50.76,0.42092721,0.302899445
3/6/2015,1234.6,49.61,0.354852686,0.288710672
3/9/2015,1237,50,0.360051993,0.293522517
3/10/2015,1227.1,48.29,0.338604853,0.272424429
3/11/2015,1217.4,48.17,0.317590988,0.270943862
3/12/2015,1218,47.05,0.318890815,0.257125231
3/13/2015,1217.9,44.84,0.318674177,0.229858112
3/16/2015,1218.3,43.88,0.319540728,0.218013572
3/17/2015,1213.5,43.46,0.309142114,0.212831585
3/18/2015,1216.5,44.66,0.315641248,0.227637261
3/19/2015,1228.5,43.96,0.341637782,0.219000617
3/20/2015,1243.7,45.72,0.374566724,0.240715608
3/23/2015,1246.5,47.45,0.380632582,0.262060457
3/24/2015,1250.2,47.51,0.38864818,0.26280074
3/25/2015,1256.3,49.21,0.401863085,0.283775447
3/26/2015,1266,51.43,0.42287695,0.311165947
3/27/2015,1260.9,48.87,0.411828423,0.279580506
3/30/2015,1245.4,48.68,0.378249567,0.277236274
3/31/2015,1241.2,47.6,0.36915078,0.263911166
4/1/2015,1263.2,50.09,0.416811092,0.294632943
4/2/2015,1257.2,49.14,0.403812825,0.282911783
4/3/2015,1257.2,49.14,0.403812825,0.282911783
4/6/2015,1274.4,52.14,0.441074523,0.319925972
4/7/2015,1267.4,53.98,0.425909879,0.342628007
4/8/2015,1260.1,50.42,0.410095321,0.298704503
4/9/2015,1250.6,50.79,0.389514731,0.303269587
4/10/2015,1262.3,51.64,0.414861352,0.31375694
4/13/2015,1256.8,51.91,0.402946274,0.317088217
4/14/2015,1247.1,53.29,0.381932409,0.334114744
4/15/2015,1255.5,56.39,0.400129983,0.372362739
4/16/2015,1252,56.71,0.39254766,0.376310919
4/17/2015,1257.1,55.74,0.403596187,0.364342998
4/20/2015,1248.3,56.38,0.384532062,0.372239358
4/21/2015,1258.1,55.26,0.405762565,0.358420728
4/22/2015,1243.7,56.16,0.374566724,0.369524985
4/23/2015,1251,57.74,0.390381282,0.389019124
4/24/2015,1229.4,57.15,0.343587522,0.381739667
4/27/2015,1258.2,56.99,0.405979203,0.379765577
4/28/2015,1270.4,57.06,0.432409012,0.380629241
4/29/2015,1269,58.58,0.429376083,0.399383097
4/30/2015,1242,59.63,0.370883882,0.412338063
5/1/2015,1235.1,59.15,0.355935875,0.406415793
5/4/2015,1248,58.93,0.383882149,0.403701419
5/5/2015,1257.2,60.4,0.403812825,0.421838371
5/6/2015,1255.7,60.93,0.400563258,0.428377545
5/7/2015,1247.5,58.94,0.38279896,0.4038248
5/8/2015,1251.5,59.39,0.391464471,0.409376928
5/11/2015,1246.3,59.25,0.380199307,0.407649599
5/12/2015,1256,60.75,0.401213172,0.426156693
5/13/2015,1281.2,60.5,0.455805893,0.423072178
5/14/2015,1288,59.88,0.470537262,0.415422579
5/15/2015,1287.9,59.69,0.470320624,0.413078347
5/18/2015,1290.2,59.43,0.475303293,0.40987045
5/19/2015,1270.4,57.26,0.432409012,0.383096854
5/20/2015,1272.5,58.98,0.436958406,0.404318322
5/21/2015,1267.1,60.72,0.425259965,0.425786552
5/22/2015,1268.7,59.72,0.42872617,0.413448489
5/25/2015,1207.4,59.85,0.29592721,0.415052437
5/26/2015,1251.2,58.03,0.390814558,0.392597162
5/27/2015,1249.6,57.51,0.387348354,0.38618137
5/28/2015,1251.5,57.68,0.391464471,0.38827884
5/29/2015,1251.7,60.3,0.391897747,0.420604565
6/1/2015,1251.4,60.2,0.391247834,0.419370759
6/2/2015,1258.8,61.26,0.407279029,0.432449105
6/3/2015,1250.9,59.64,0.390164645,0.412461444
6/4/2015,1241.1,58,0.368934142,0.39222702
6/5/2015,1237.6,59.13,0.36135182,0.406169031
6/8/2015,1243,58.14,0.37305026,0.393954349
6/9/2015,1247.8,60.14,0.383448873,0.418630475
6/10/2015,1259.6,61.43,0.409012132,0.434546576
6/11/2015,1253.6,60.77,0.396013865,0.426403455
6/12/2015,1252,59.96,0.39254766,0.416409624
6/15/2015,1256.8,59.52,0.402946274,0.410980876
6/16/2015,1250.4,59.97,0.389081456,0.416533004
6/17/2015,1247.9,59.92,0.383665511,0.415916101
6/18/2015,1271.8,60.45,0.435441941,0.422455275
6/19/2015,1270.4,59.61,0.432409012,0.412091302
6/22/2015,1253.1,59.68,0.394930676,0.412954966
6/23/2015,1245.8,61.01,0.379116118,0.42936459
6/24/2015,1242,60.27,0.370883882,0.420234423
6/25/2015,1241.3,59.7,0.369367418,0.413201727
6/26/2015,1244.1,59.63,0.375433276,0.412338063
6/29/2015,1249,58.33,0.386048527,0.396298581
6/30/2015,1241.8,59.47,0.370450607,0.410363973
7/1/2015,1239.5,56.96,0.365467938,0.379395435
7/2/2015,1232.5,56.93,0.350303293,0.379025293
7/3/2015,1167.8,55.52,0.210138648,0.361628624
7/6/2015,1241.6,52.53,0.370017331,0.324737816
7/7/2015,1220.5,52.33,0.324306759,0.322270204
7/8/2015,1229.6,51.65,0.344020797,0.313880321
7/9/2015,1226.1,52.78,0.336438475,0.327822332
7/10/2015,1227.6,52.74,0.339688042,0.327328809
7/13/2015,1226,52.2,0.336221837,0.320666255
7/14/2015,1223.4,53.04,0.330589255,0.331030228
7/15/2015,1217.3,51.41,0.31737435,0.310919186
7/16/2015,1214.2,50.91,0.310658579,0.304750154
7/17/2015,1201.7,50.89,0.283578856,0.304503393
7/20/2015,1176.5,50.15,0.228986135,0.295373226
7/21/2015,1170.5,50.36,0.215987868,0.29796422
7/22/2015,1158.6,49.19,0.190207972,0.283528686
7/23/2015,1161.1,48.45,0.195623917,0.274398519
7/24/2015,1151,48.14,0.173743501,0.27057372
7/27/2015,1161.6,47.39,0.196707106,0.261320173
7/28/2015,1161.6,47.98,0.196707106,0.26859963
7/29/2015,1158.5,48.79,0.189991334,0.278593461
7/30/2015,1154.4,48.52,0.181109185,0.275262184
7/31/2015,1154.1,47.12,0.180459272,0.257988896
8/3/2015,1147.8,45.17,0.166811092,0.233929673
8/4/2015,1149.7,45.74,0.17092721,0.240962369
8/5/2015,1148.1,45.15,0.167461005,0.233682912
8/6/2015,1152.6,44.66,0.177209705,0.227637261
8/7/2015,1156.8,43.87,0.186308492,0.217890191
8/10/2015,1166.8,44.96,0.20797227,0.23133868
8/11/2015,1168.7,43.08,0.212088388,0.208143122
8/12/2015,1184,43.3,0.245233969,0.210857495
8/13/2015,1176.1,42.23,0.228119584,0.197655768
8/14/2015,1173.3,42.5,0.222053726,0.200987045
8/17/2015,1178.9,41.87,0.234185442,0.193214065
8/18/2015,1177.3,42.62,0.230719237,0.202467613
8/19/2015,1188.1,40.8,0.254116118,0.180012338
8/20/2015,1213.2,41.14,0.308492201,0.184207279
8/21/2015,1217.8,40.45,0.318457539,0.175694016
8/24/2015,1209.9,38.24,0.301343154,0.148426897
8/25/2015,1194.7,39.31,0.268414211,0.161628624
8/26/2015,1180,38.6,0.236568458,0.1528686
8/27/2015,1178.2,42.56,0.232668977,0.201727329
8/28/2015,1189.4,45.22,0.256932409,0.234546576
8/31/2015,1187.9,49.2,0.253682842,0.283652067
9/1/2015,1192.3,45.41,0.263214905,0.236890808
9/2/2015,1185.4,46.25,0.248266898,0.247254781
9/3/2015,1174.5,46.75,0.22465338,0.253423812
9/4/2015,1171.5,46.05,0.218154246,0.244787168
9/7/2015,1119.9,44.7,0.106369151,0.228130783
9/8/2015,1170.9,45.94,0.216854419,0.243429981
9/9/2015,1151.7,44.15,0.175259965,0.221344849
9/10/2015,1158.9,45.92,0.190857886,0.24318322
9/11/2015,1152.9,44.63,0.177859619,0.227267119
9/14/2015,1156.7,44,0.186091854,0.219494139
9/15/2015,1151.5,44.59,0.17482669,0.226773597
9/16/2015,1168.6,47.15,0.21187175,0.258359038
9/17/2015,1167.2,46.9,0.208838821,0.255274522
9/18/2015,1186.5,44.68,0.250649913,0.227884022
9/21/2015,1181.8,46.68,0.240467938,0.252560148
9/22/2015,1172.7,45.83,0.220753899,0.242072795
9/23/2015,1179.4,44.48,0.235268631,0.22541641
9/24/2015,1200.7,44.91,0.281412478,0.230721777
9/25/2015,1192.6,45.7,0.263864818,0.240468846
9/28/2015,1178.2,44.43,0.232668977,0.224799506
9/29/2015,1172.9,45.23,0.221187175,0.234669957
9/30/2015,1158.4,45.09,0.189774697,0.232942628
10/1/2015,1156.9,44.74,0.18652513,0.228624306
10/2/2015,1179,45.54,0.23440208,0.238494756
10/5/2015,1178.3,46.26,0.232885615,0.247378162
10/6/2015,1186.4,48.53,0.250433276,0.275385564
10/7/2015,1189.1,47.81,0.256282496,0.266502159
10/8/2015,1185,49.43,0.247400347,0.286489821
10/9/2015,1197.5,49.63,0.274480069,0.288957434
10/12/2015,1206.2,47.1,0.293327556,0.257742134
10/13/2015,1206.9,46.66,0.294844021,0.252313387
10/14/2015,1219.3,46.64,0.321707106,0.252066626
10/15/2015,1227.1,46.38,0.338604853,0.248858729
10/16/2015,1222.3,47.26,0.328206239,0.259716225
10/19/2015,1212,45.89,0.305892548,0.242813078
10/20/2015,1216.6,45.55,0.315857886,0.238618137
10/21/2015,1205.4,45.2,0.291594454,0.234299815
10/22/2015,1204.1,45.38,0.288778163,0.236520666
10/23/2015,1200.1,44.6,0.280112652,0.226896977
10/26/2015,1201.7,43.98,0.283578856,0.219247378
10/27/2015,1199.8,43.2,0.279462738,0.209623689
10/28/2015,1210.9,45.94,0.303509532,0.243429981
10/29/2015,1183.4,46.06,0.243934142,0.244910549
10/30/2015,1176.8,46.59,0.229636049,0.251449722
11/2/2015,1172,46.14,0.219237435,0.245897594
11/3/2015,1150.2,47.9,0.172010399,0.267612585
11/4/2015,1142.8,46.32,0.155979203,0.248118445
11/5/2015,1141.7,45.2,0.153596187,0.234299815
11/6/2015,1129.5,44.29,0.127166378,0.223072178
11/9/2015,1130.8,43.87,0.129982669,0.217890191
11/10/2015,1131,44.21,0.130415945,0.222085133
11/11/2015,1127,42.93,0.121750433,0.206292412
11/12/2015,1122.9,41.75,0.112868284,0.191733498
11/13/2015,1122.9,40.74,0.112868284,0.179272054
11/16/2015,1124.1,41.74,0.115467938,0.191610117
11/17/2015,1108.5,40.67,0.081672444,0.17840839
11/18/2015,1108.5,40.75,0.081672444,0.179395435
11/19/2015,1117.2,40.54,0.100519931,0.176804442
11/20/2015,1115.4,40.39,0.096620451,0.174953732
11/23/2015,1106.3,41.75,0.076906412,0.191733498
11/24/2015,1113.2,42.87,0.091854419,0.205552128
11/25/2015,1110,43.04,0.08492201,0.207649599
11/26/2015,1070.8,42.59,0,0.202097471
11/27/2015,1096.5,41.71,0.05567591,0.191239975
11/30/2015,1105.9,41.65,0.076039861,0.190499692
12/1/2015,1104,41.85,0.071923744,0.192967304
12/2/2015,1094.4,39.94,0.051126516,0.169401604
12/3/2015,1102.6,41.08,0.068890815,0.183466996
12/4/2015,1125.2,39.97,0.117850953,0.169771746
12/7/2015,1116.3,37.65,0.098570191,0.14114744
12/8/2015,1116.4,37.51,0.098786828,0.139420111
12/9/2015,1117.3,37.16,0.100736568,0.135101789
12/10/2015,1112.7,36.76,0.090771231,0.130166564
12/11/2015,1116.2,35.62,0.098353553,0.116101172
12/14/2015,1103.8,36.31,0.071490468,0.124614436
12/15/2015,1102.2,37.35,0.068024263,0.137446021
12/16/2015,1117.7,35.52,0.10160312,0.114867366
12/17/2015,1090.5,34.95,0.042677643,0.10783467
12/18/2015,1105.7,34.73,0.075606586,0.105120296
12/21/2015,1122.9,34.74,0.112868284,0.105243677
12/22/2015,1116.4,36.14,0.098786828,0.122516965
12/23/2015,1110.6,37.5,0.086221837,0.13929673
12/24/2015,1118.3,38.1,0.102902946,0.146699568
12/25/2015,1118.3,38.1,0.102902946,0.146699568
12/28/2015,1110.5,36.81,0.086005199,0.130783467
12/29/2015,1111,37.87,0.087088388,0.143861814
12/30/2015,1103.2,36.6,0.070190641,0.128192474
12/31/2015,1103.4,37.04,0.070623917,0.133621221
1/1/2016,1103.4,37.04,0.070623917,0.133621221
1/4/2016,1118.1,36.76,0.102469671,0.130166564
1/5/2016,1121,35.97,0.108752166,0.120419494
1/6/2016,1134.5,33.97,0.137998267,0.095743368
1/7/2016,1145.3,33.27,0.161395147,0.087106724
1/8/2016,1134.9,33.16,0.138864818,0.085749537
1/11/2016,1131.7,31.41,0.131932409,0.064157927
1/12/2016,1120.3,30.44,0.107235702,0.052190006
1/13/2016,1120.6,30.48,0.107885615,0.052683529
1/14/2016,1106.4,31.2,0.07712305,0.061566934
1/15/2016,1121.6,29.42,0.110051993,0.039605182
1/18/2016,1088.5,30.02,0.038344887,0.04700802
1/19/2016,1119.9,28.46,0.106369151,0.027760642
1/20/2016,1135.8,26.55,0.140814558,0.004194941
1/21/2016,1127.7,29.53,0.123266898,0.040962369
1/22/2016,1126.7,32.19,0.12110052,0.073781616
1/25/2016,1136.5,30.34,0.142331023,0.0509562
1/26/2016,1151.4,31.45,0.174610052,0.06465145
1/27/2016,1148,32.3,0.167244367,0.075138803
1/28/2016,1147.8,33.22,0.166811092,0.086489821
1/29/2016,1146.2,33.62,0.163344887,0.091425046
2/1/2016,1157.8,31.62,0.18847487,0.06674892
2/2/2016,1156.4,29.88,0.185441941,0.045280691
2/3/2016,1169.6,32.28,0.214038128,0.074892042
2/4/2016,1184,31.72,0.245233969,0.067982727
2/5/2016,1184.3,30.89,0.245883882,0.057742134
2/8/2016,1224.5,29.69,0.33297227,0.042936459
2/9/2016,1223.4,27.94,0.330589255,0.021344849
2/10/2016,1219.3,27.45,0.321707106,0.015299198
2/11/2016,1268.8,26.21,0.428942808,0
2/12/2016,1257.9,29.44,0.405329289,0.039851943
2/15/2016,1208.1,30.6,0.297443674,0.054164096
2/16/2016,1227.8,29.04,0.340121317,0.034916718
2/17/2016,1233.9,30.66,0.353336222,0.05490438
2/18/2016,1249.2,30.77,0.386481802,0.056261567
2/19/2016,1254.1,29.64,0.397097054,0.042319556
2/22/2016,1233.4,31.48,0.352253033,0.065021592
2/23/2016,1248.1,31.87,0.384098787,0.069833436
2/24/2016,1263.8,32.15,0.418110919,0.073288094
2/25/2016,1263.7,33.07,0.417894281,0.084639112
2/26/2016,1245.5,32.78,0.378466205,0.081061073
2/29/2016,1260,33.75,0.409878683,0.093028994
3/1/2016,1257.9,34.4,0.405329289,0.101048735
3/2/2016,1269.7,34.66,0.430892548,0.104256632
3/3/2016,1287.4,34.57,0.469237435,0.103146206
3/4/2016,1302.3,35.92,0.501516464,0.119802591
3/7/2016,1297,37.9,0.490034662,0.144231956
3/8/2016,1295.7,36.5,0.487218371,0.126958667
3/9/2016,1290.1,38.29,0.475086655,0.1490438
3/10/2016,1306.8,37.84,0.511265165,0.143491672
3/11/2016,1295.3,38.5,0.48635182,0.151634793
3/14/2016,1281.1,37.18,0.455589255,0.13534855
3/15/2016,1266.9,36.34,0.42482669,0.124984577
3/16/2016,1267.6,38.46,0.426343154,0.151141271
3/17/2016,1300.8,40.2,0.498266898,0.1726095
3/18/2016,1288.7,39.44,0.472053726,0.163232572
3/21/2016,1279.4,39.91,0.451906412,0.169031462
3/22/2016,1285.5,41.45,0.465121317,0.188032079
3/23/2016,1260.7,39.79,0.411395147,0.167550895
3/24/2016,1259.1,39.46,0.407928943,0.163479334
3/25/2016,1216.7,39.46,0.316074523,0.163479334
3/28/2016,1257.4,39.39,0.404246101,0.162615669
3/29/2016,1273,38.28,0.438041594,0.148920419
3/30/2016,1263.6,38.32,0.417677643,0.149413942
3/31/2016,1267.6,38.34,0.426343154,0.149660703
4/1/2016,1255.6,36.79,0.40034662,0.130536706
4/4/2016,1251.4,35.7,0.391247834,0.117088217
4/5/2016,1261.2,35.89,0.412478336,0.119432449
4/6/2016,1255.5,37.75,0.400129983,0.142381246
4/7/2016,1269,37.26,0.429376083,0.136335595
4/8/2016,1274,39.72,0.440207972,0.16668723
4/11/2016,1289.1,40.36,0.472920277,0.17458359
4/12/2016,1293.1,42.17,0.481585789,0.196915484
4/13/2016,1280.6,41.76,0.454506066,0.191856878
4/14/2016,1258.8,41.5,0.407279029,0.188648982
4/15/2016,1266.4,40.36,0.423743501,0.17458359
4/18/2016,1267,39.78,0.425043328,0.167427514
4/19/2016,1287.5,41.08,0.469454073,0.183466996
4/20/2016,1289,42.63,0.47270364,0.202590993
4/21/2016,1286.2,43.18,0.466637782,0.209376928
4/22/2016,1265.5,43.73,0.421793761,0.216162862
4/25/2016,1275.8,42.64,0.444107452,0.202714374
4/26/2016,1279.1,44.04,0.451256499,0.219987662
4/27/2016,1286.5,45.33,0.467287695,0.235903763
4/28/2016,1303.1,46.03,0.503249567,0.244540407
4/29/2016,1327.7,45.92,0.556542461,0.24318322
5/2/2016,1333.6,44.78,0.56932409,0.229117829
5/3/2016,1329.1,43.65,0.55957539,0.215175817
5/4/2016,1310.6,43.78,0.5194974,0.216779766
5/5/2016,1307.1,44.32,0.511915078,0.22344232
5/6/2016,1329.4,44.66,0.560225303,0.227637261
5/9/2016,1302.2,43.44,0.501299827,0.212584824
5/10/2016,1300.6,44.66,0.497833622,0.227637261
5/11/2016,1311.9,46.23,0.522313692,0.24700802
5/12/2016,1307,46.7,0.51169844,0.252806909
5/13/2016,1308.8,46.21,0.51559792,0.246761258
5/16/2016,1311.1,47.72,0.520580589,0.265391733
5/17/2016,1314.2,48.31,0.52729636,0.272671191
5/18/2016,1313.6,48.19,0.525996534,0.271190623
5/19/2016,1295.2,48.16,0.486135182,0.270820481
5/20/2016,1295.2,47.75,0.486135182,0.265761875
5/23/2016,1294.2,48.08,0.483968804,0.269833436
5/24/2016,1272,48.62,0.435875217,0.27649599
5/25/2016,1266.7,49.56,0.424393414,0.288093769
5/26/2016,1262.9,49.48,0.416161179,0.287106724
5/27/2016,1256.9,49.33,0.403162912,0.285256015
5/30/2016,1212.15,49.51,0.306217504,0.287476866
5/31/2016,1258.6,49.1,0.406845754,0.28241826
6/1/2016,1256.5,49.01,0.40229636,0.281307835
6/2/2016,1254.2,49.17,0.397313692,0.283281925
6/3/2016,1283.9,48.62,0.461655113,0.27649599
6/6/2016,1288.7,49.69,0.472053726,0.289697717
6/7/2016,1288.1,50.36,0.470753899,0.29796422
6/8/2016,1303.3,51.23,0.503682842,0.308698334
6/9/2016,1313.7,50.56,0.526213172,0.300431832
6/10/2016,1317,49.07,0.533362218,0.282048118
6/13/2016,1328.1,48.88,0.557409012,0.279703886
6/14/2016,1325.6,48.49,0.551993068,0.274892042
6/15/2016,1326,48.01,0.552859619,0.268969772
6/16/2016,1336.6,46.21,0.575823224,0.246761258
6/17/2016,1333.9,47.98,0.569974003,0.26859963
6/20/2016,1333.8,49.37,0.569757366,0.285749537
6/21/2016,1314.2,48.85,0.52729636,0.279333745
6/22/2016,1311.7,49.13,0.521880416,0.282788402
6/23/2016,1306.6,50.11,0.510831889,0.294879704
6/24/2016,1365.7,47.64,0.638864818,0.264404688
6/27/2016,1367.7,46.33,0.643197574,0.248241826
6/28/2016,1361.1,47.85,0.62889948,0.266995682
6/29/2016,1370.3,49.88,0.648830156,0.292041949
6/30/2016,1363.9,48.33,0.634965338,0.272917952
7/1/2016,1383.2,48.99,0.67677643,0.281061073
7/4/2016,1352,48.65,0.609185442,0.276866132
7/5/2016,1403.3,46.6,0.720320624,0.251573103
7/6/2016,1411.7,47.43,0.738518198,0.261813695
7/7/2016,1405.5,45.14,0.725086655,0.233559531
7/8/2016,1402.5,45.41,0.718587522,0.236890808
7/11/2016,1401.8,44.76,0.717071057,0.228871067
7/12/2016,1381.2,46.8,0.672443674,0.254040716
7/13/2016,1389.5,44.75,0.69042461,0.228747687
7/14/2016,1378.2,45.68,0.665944541,0.240222085
7/15/2016,1374,45.95,0.656845754,0.243553362
7/18/2016,1375.9,45.24,0.660961872,0.234793337
7/19/2016,1379.3,44.65,0.668327556,0.22751388
7/20/2016,1366.7,44.94,0.641031196,0.231091919
7/21/2016,1379.2,44.75,0.668110919,0.228747687
7/22/2016,1372.5,44.19,0.653596187,0.221838371
7/25/2016,1368.3,43.13,0.6444974,0.208760025
7/26/2016,1369.6,42.92,0.647313692,0.206169031
7/27/2016,1378.1,41.92,0.665727903,0.193830969
7/28/2016,1384.9,41.14,0.680459272,0.184207279
7/29/2016,1401.8,41.6,0.717071057,0.189882788
8/1/2016,1402.3,40.06,0.718154246,0.170882171
8/2/2016,1415.5,39.51,0.746750433,0.164096237
8/3/2016,1410,40.83,0.734835355,0.18038248
8/4/2016,1414,41.93,0.743500867,0.193954349
8/5/2016,1394,41.8,0.70017331,0.192350401
8/8/2016,1391.4,43.02,0.694540728,0.207402838
8/9/2016,1396.7,42.77,0.70602253,0.204318322
8/10/2016,1401.7,41.71,0.716854419,0.191239975
8/11/2016,1400.1,43.49,0.713388215,0.213201727
8/12/2016,1392.9,44.49,0.697790295,0.22553979
8/15/2016,1396.7,45.74,0.70602253,0.240962369
8/16/2016,1405.1,46.58,0.724220104,0.251326342
8/17/2016,1396.7,46.79,0.70602253,0.253917335
8/18/2016,1405.2,48.22,0.724436742,0.271560765
8/19/2016,1394.1,48.52,0.700389948,0.275262184
8/22/2016,1391.3,47.05,0.69432409,0.257125231
8/23/2016,1393.9,48.1,0.699956672,0.270080197
8/24/2016,1376.5,46.77,0.662261698,0.253670574
8/25/2016,1370.1,47.33,0.64839688,0.260579889
8/26/2016,1369.3,47.64,0.646663778,0.264404688
8/29/2016,1370.5,46.98,0.649263432,0.256261567
8/30/2016,1360.6,46.35,0.627816291,0.248488587
8/31/2016,1354,44.7,0.613518198,0.228130783
9/1/2016,1359,43.16,0.624350087,0.209130167
9/2/2016,1371.7,44.44,0.651863085,0.224922887
9/5/2016,1331.1,45.07,0.563908146,0.232695867
9/6/2016,1397.5,44.83,0.707755633,0.229734732
9/7/2016,1393.5,45.5,0.699090121,0.238001234
9/8/2016,1386.6,47.62,0.684142114,0.264157927
9/9/2016,1379.5,45.88,0.668760832,0.242689698
9/12/2016,1370.8,46.29,0.649913345,0.247748304
9/13/2016,1367.2,44.9,0.642114385,0.230598396
9/14/2016,1369.7,43.58,0.647530329,0.214312153
9/15/2016,1361.3,43.91,0.629332756,0.218383714
9/16/2016,1353.5,43.03,0.612435009,0.207526218
9/19/2016,1360.8,43.3,0.628249567,0.210857495
9/20/2016,1361.3,43.44,0.629332756,0.212584824
9/21/2016,1374.9,45.34,0.658795494,0.236027144
9/22/2016,1386.7,46.32,0.684358752,0.248118445
9/23/2016,1383.7,44.48,0.677859619,0.22541641
9/26/2016,1386.6,45.93,0.684142114,0.243306601
9/27/2016,1372.7,44.67,0.654029463,0.227760642
9/28/2016,1365.6,47.05,0.63864818,0.257125231
9/29/2016,1368,47.83,0.643847487,0.26674892
9/30/2016,1359.3,48.24,0.625,0.271807526
10/3/2016,1354.8,48.81,0.6152513,0.278840222
10/4/2016,1311,48.69,0.520363951,0.277359655
10/5/2016,1310.2,49.83,0.518630849,0.291425046
10/6/2016,1294.4,50.44,0.48440208,0.298951265
10/7/2016,1293.4,49.81,0.482235702,0.291178285
10/10/2016,1302.8,51.35,0.502599653,0.310178902
10/11/2016,1298.4,50.79,0.493067591,0.303269587
10/12/2016,1296.6,50.18,0.489168111,0.295743368
10/13/2016,1301.2,50.44,0.499133449,0.298951265
10/14/2016,1299.3,50.35,0.495017331,0.297840839
10/17/2016,1300.7,49.94,0.49805026,0.292782233
10/18/2016,1307.5,50.29,0.512781629,0.297100555
10/19/2016,1314.3,51.6,0.527512998,0.313263418
10/20/2016,1312.6,50.43,0.523830156,0.298827884
10/21/2016,1312.1,50.85,0.522746967,0.30400987
10/24/2016,1306.3,50.52,0.510181976,0.29993831
10/25/2016,1317.7,49.96,0.534878683,0.293028994
10/26/2016,1310.7,49.18,0.519714038,0.283405305
10/27/2016,1315.6,49.72,0.530329289,0.290067859
10/28/2016,1322.7,48.7,0.545710572,0.277483035
10/31/2016,1319.3,46.86,0.538344887,0.254780999
11/1/2016,1334.4,46.67,0.571057192,0.252436767
11/2/2016,1354.4,45.34,0.614384749,0.236027144
11/3/2016,1350.2,44.66,0.605285962,0.227637261
11/4/2016,1352.1,44.07,0.60940208,0.220357804
11/7/2016,1326.8,44.89,0.554592721,0.230475015
11/8/2016,1322.6,44.98,0.545493934,0.231585441
11/9/2016,1322.1,45.27,0.544410745,0.235163479
11/10/2016,1313,44.66,0.524696707,0.227637261
11/11/2016,1269.1,43.41,0.429592721,0.212214682
11/14/2016,1271.7,43.32,0.435225303,0.211104257
11/15/2016,1275.7,45.81,0.443890815,0.241826033
11/16/2016,1275.1,45.57,0.442590988,0.238864898
11/17/2016,1268.6,45.42,0.428509532,0.237014189
11/18/2016,1261.2,45.69,0.412478336,0.240345466
11/21/2016,1261.6,47.49,0.413344887,0.262553979
11/22/2016,1262.8,48.03,0.415944541,0.269216533
11/23/2016,1241.7,47.96,0.370233969,0.268352869
11/24/2016,1185.55,47.98,0.248591854,0.26859963
11/25/2016,1230.3,46.06,0.345537262,0.244910549
11/28/2016,1243.4,47.08,0.373916811,0.257495373
11/29/2016,1240.3,45.23,0.36720104,0.234669957
11/30/2016,1223.2,49.44,0.330155979,0.286613202
12/1/2016,1218.5,51.06,0.319974003,0.306600864
12/2/2016,1227.2,51.68,0.33882149,0.314250463
12/5/2016,1226.5,51.79,0.337305026,0.31560765
12/6/2016,1219.8,50.93,0.322790295,0.304996915
12/7/2016,1231.4,49.77,0.347920277,0.290684762
12/8/2016,1227.2,50.84,0.33882149,0.30388649
12/9/2016,1216.8,51.5,0.316291161,0.312029611
12/12/2016,1221.1,52.83,0.325606586,0.328439235
12/13/2016,1214.4,52.98,0.311091854,0.330289944
12/14/2016,1219.1,51.04,0.32127383,0.306354102
12/15/2016,1190.8,50.9,0.259965338,0.304626774
12/16/2016,1198.6,51.9,0.276863085,0.316964837
12/19/2016,1203.6,52.12,0.287694974,0.31967921
12/20/2016,1194.7,52.23,0.268414211,0.321036397
12/21/2016,1194.2,52.49,0.267331023,0.324244294
12/22/2016,1191.5,52.95,0.261481802,0.329919803
12/23/2016,1194.5,53.02,0.267980936,0.330783467
12/26/2016,1134.55,53.19,0.138106586,0.332880938
12/27/2016,1199.6,53.9,0.279029463,0.341640962
12/28/2016,1201.7,54.06,0.283578856,0.343615052
12/29/2016,1218.9,53.77,0.320840555,0.340037014
12/30/2016,1212.2,53.72,0.306325823,0.339420111
1/2/2017,1151.05,54.03,0.17385182,0.343244911
1/3/2017,1222.4,52.33,0.328422877,0.322270204
1/4/2017,1224.8,53.26,0.333622184,0.333744602
1/5/2017,1239.8,53.76,0.366117851,0.339913634
1/6/2017,1233.4,53.99,0.352253033,0.342751388
1/9/2017,1245.3,51.96,0.378032929,0.31770512
1/10/2017,1246.2,50.82,0.379982669,0.303639729
1/11/2017,1257.7,52.25,0.404896014,0.321283159
1/12/2017,1261,53.01,0.412045061,0.330660086
1/13/2017,1259,52.37,0.407712305,0.322763726
1/16/2017,1202.85,52.52,0.286070191,0.324614436
1/17/2017,1275.1,52.48,0.442590988,0.324120913
1/18/2017,1273.4,51.08,0.438908146,0.306847625
1/19/2017,1263.2,51.37,0.416811092,0.310425663
1/20/2017,1266.9,52.42,0.42482669,0.323380629
1/23/2017,1276.6,52.75,0.445840555,0.32745219
1/24/2017,1271.8,53.18,0.435441941,0.332757557
1/25/2017,1258.8,52.75,0.407279029,0.32745219
1/26/2017,1250.6,53.78,0.389514731,0.340160395
1/27/2017,1249.4,53.17,0.386915078,0.332634176
1/30/2017,1254.1,52.63,0.397097054,0.325971622
1/31/2017,1269.5,52.81,0.430459272,0.328192474
2/1/2017,1267.2,53.88,0.425476603,0.341394201
2/2/2017,1278.3,53.54,0.449523397,0.33719926
2/3/2017,1279.9,53.83,0.452989601,0.340777298
2/6/2017,1291,53.01,0.477036395,0.330660086
2/7/2017,1294.1,52.17,0.483752166,0.320296114
2/8/2017,1296,52.34,0.487868284,0.322393584
2/9/2017,1293.1,53,0.481585789,0.330536706
2/10/2017,1292.2,53.86,0.479636049,0.34114744
2/13/2017,1282.6,52.93,0.458838821,0.329673041
2/14/2017,1282.6,53.2,0.458838821,0.333004318
2/15/2017,1291.9,53.11,0.478986135,0.331893893
2/16/2017,1300.4,53.36,0.497400347,0.334978408
2/17/2017,1297.1,53.4,0.4902513,0.335471931
2/20/2017,1238.2,53.97,0.362651646,0.342504627
2/21/2017,1296.9,54.06,0.489818024,0.343615052
2/22/2017,1291,53.59,0.477036395,0.337816163
2/23/2017,1309.4,54.45,0.516897747,0.348426897
2/24/2017,1316.1,53.99,0.531412478,0.342751388
2/27/2017,1316.8,54.05,0.532928943,0.343491672
2/28/2017,1312,54.01,0.522530329,0.342998149
3/1/2017,1308.8,53.83,0.51559792,0.340777298
3/2/2017,1291.6,52.61,0.478336222,0.325724861
3/3/2017,1286.5,53.33,0.467287695,0.334608267
3/6/2017,1285,53.2,0.464038128,0.333004318
3/7/2017,1275.4,53.14,0.443240901,0.332264035
3/8/2017,1269.6,50.28,0.43067591,0.296977175
3/9/2017,1263.4,49.28,0.417244367,0.284639112
3/10/2017,1261.7,48.49,0.413561525,0.274892042
3/13/2017,1264.3,48.4,0.419194107,0.273781616
3/14/2017,1264,47.72,0.418544194,0.265391733
3/15/2017,1262,48.86,0.414211438,0.279457125
3/16/2017,1288.4,48.75,0.471403813,0.278099938
3/17/2017,1291.3,48.78,0.477686308,0.27847008
3/20/2017,1294.9,48.22,0.485485269,0.271560765
3/21/2017,1306.7,47.34,0.511048527,0.26070327
3/22/2017,1309.2,48.04,0.516464471,0.269339914
3/23/2017,1306.2,47.7,0.509965338,0.265144972
3/24/2017,1308.1,47.97,0.514081456,0.268476249
3/27/2017,1315.1,47.73,0.529246101,0.265515114
3/28/2017,1315.2,48.37,0.529462738,0.273411474
3/29/2017,1313.2,49.51,0.525129983,0.287476866
3/30/2017,1304.4,50.35,0.506065858,0.297840839
3/31/2017,1307.5,50.6,0.512781629,0.300925355
4/3/2017,1310.4,50.24,0.519064125,0.296483652
4/4/2017,1314.5,51.03,0.527946274,0.306230722
4/5/2017,1304.6,51.15,0.506499133,0.307711289
4/6/2017,1309.5,51.7,0.517114385,0.314497224
4/7/2017,1313.9,52.24,0.526646447,0.321159778
4/10/2017,1310.4,53.08,0.519064125,0.331523751
4/11/2017,1330.5,53.4,0.562608319,0.335471931
4/12/2017,1334.4,53.11,0.571057192,0.331893893
4/13/2017,1343.8,53.18,0.591421144,0.332757557
4/14/2017,1289.65,53.18,0.474111785,0.332757557
4/17/2017,1346.9,52.65,0.598136915,0.326218384
4/18/2017,1348,52.41,0.600519931,0.323257249
4/19/2017,1337.6,50.44,0.577989601,0.298951265
4/20/2017,1338.8,50.27,0.580589255,0.296853794
4/21/2017,1344.1,49.62,0.592071057,0.288834053
4/24/2017,1332.9,49.23,0.567807626,0.284022209
4/25/2017,1323.1,49.56,0.546577123,0.288093769
4/26/2017,1320.1,49.62,0.54007799,0.288834053
4/27/2017,1321.8,48.97,0.543760832,0.280814312
4/28/2017,1324.2,49.33,0.548960139,0.285256015
5/1/2017,1311.7,48.84,0.521880416,0.279210364
5/2/2017,1313.2,47.66,0.525129983,0.26465145
5/3/2017,1304.7,47.82,0.506715771,0.26662554
5/4/2017,1284.5,45.52,0.462954939,0.238247995
5/5/2017,1282.9,46.22,0.459488735,0.246884639
5/8/2017,1283.2,46.43,0.460138648,0.249475632
5/9/2017,1272.2,45.88,0.436308492,0.242689698
5/10/2017,1274.7,47.33,0.441724437,0.260579889
5/11/2017,1280,47.83,0.453206239,0.26674892
5/12/2017,1282.8,47.84,0.459272097,0.266872301
5/15/2017,1285.1,48.85,0.464254766,0.279333745
5/16/2017,1291.5,48.66,0.478119584,0.276989513
5/17/2017,1313.3,49.07,0.52534662,0.282048118
5/18/2017,1306.3,49.35,0.510181976,0.285502776
5/19/2017,1307,50.33,0.51169844,0.297594078
5/22/2017,1315.1,50.73,0.529246101,0.302529303
5/23/2017,1309.2,51.47,0.516464471,0.311659469
5/24/2017,1306.8,51.36,0.511265165,0.310302283
5/25/2017,1310.4,48.9,0.519064125,0.279950648
5/26/2017,1321.9,49.8,0.54397747,0.291054904
5/29/2017,1266.69,49.97,0.42437175,0.293152375
5/30/2017,1316.2,49.66,0.531629116,0.289327576
5/31/2017,1325.6,48.32,0.551993068,0.272794571
6/1/2017,1320.3,48.36,0.540511265,0.273288094
6/2/2017,1330.2,47.66,0.561958406,0.26465145
6/5/2017,1332.7,47.4,0.56737435,0.261443553
6/6/2017,1347.1,48.19,0.598570191,0.271190623
6/7/2017,1342.7,45.72,0.589038128,0.240715608
6/8/2017,1329,45.64,0.559358752,0.239728563
6/9/2017,1321,45.83,0.54202773,0.242072795
6/12/2017,1318.6,46.08,0.536828423,0.24515731
6/13/2017,1318.3,46.46,0.53617851,0.249845774
6/14/2017,1325.3,44.73,0.551343154,0.228500925
6/15/2017,1303.9,44.46,0.504982669,0.225169648
6/16/2017,1305.8,44.74,0.509098787,0.228624306
6/19/2017,1296.1,44.2,0.488084922,0.221961752
6/20/2017,1292.5,43.23,0.480285962,0.209993831
6/21/2017,1294.6,42.53,0.484835355,0.201357187
6/22/2017,1298.1,42.74,0.492417678,0.20394818
6/23/2017,1305.4,43.01,0.508232236,0.207279457
6/26/2017,1295.4,43.38,0.486568458,0.21184454
6/27/2017,1296.1,44.24,0.488084922,0.222455275
6/28/2017,1298.5,44.74,0.493284229,0.228624306
6/29/2017,1295.4,44.93,0.486568458,0.230968538
6/30/2017,1291.7,46.04,0.47855286,0.244663788
7/3/2017,1268.6,47.07,0.428509532,0.257371993
7/4/2017,1227.55,47.13,0.339579723,0.258112276
7/5/2017,1271.6,45.13,0.435008666,0.233436151
7/6/2017,1274.4,45.52,0.441074523,0.238247995
7/7/2017,1260.1,44.23,0.410095321,0.222331894
7/10/2017,1263.7,44.4,0.417894281,0.224429365
7/11/2017,1265.4,45.04,0.421577123,0.232325725
7/12/2017,1268.9,45.49,0.429159445,0.237877853
7/13/2017,1266.2,46.08,0.423310225,0.24515731
7/14/2017,1276.5,46.54,0.445623917,0.250832819
7/17/2017,1283.1,46.02,0.45992201,0.244417027
7/18/2017,1291.2,46.4,0.477469671,0.24910549
7/19/2017,1291.4,47.12,0.477902946,0.257988896
7/20/2017,1294.8,46.79,0.485268631,0.253917335
7/21/2017,1303.6,45.77,0.504332756,0.241332511
7/24/2017,1303.1,46.34,0.503249567,0.248365207
7/25/2017,1300.9,47.89,0.498483536,0.267489204
7/26/2017,1298.9,48.75,0.49415078,0.278099938
7/27/2017,1310.2,49.04,0.518630849,0.281677977
7/28/2017,1319.1,49.71,0.537911612,0.289944479
7/31/2017,1317.2,50.17,0.533795494,0.295619988
8/1/2017,1323,49.16,0.546360485,0.283158544
8/2/2017,1322.2,49.59,0.544627383,0.288463911
8/3/2017,1318.3,49.03,0.53617851,0.281554596
8/4/2017,1308.4,49.58,0.514731369,0.288340531
8/7/2017,1308.7,49.39,0.515381282,0.285996299
8/8/2017,1307.1,49.17,0.511915078,0.283281925
8/9/2017,1323.7,49.56,0.54787695,0.288093769
8/10/2017,1334.5,48.59,0.57127383,0.276125848
8/11/2017,1338.1,48.82,0.57907279,0.278963603
8/14/2017,1334.8,47.59,0.571923744,0.263787785
8/15/2017,1324.2,47.55,0.548960139,0.263294263
8/16/2017,1327.5,46.78,0.556109185,0.253793954
8/17/2017,1336.8,47.09,0.576256499,0.257618754
8/18/2017,1335.7,48.51,0.573873484,0.275138803
8/21/2017,1341,47.37,0.585355286,0.261073411
8/22/2017,1335.5,47.64,0.573440208,0.264404688
8/23/2017,1338.8,48.41,0.580589255,0.273904997
8/24/2017,1336,47.43,0.574523397,0.261813695
8/25/2017,1341.9,47.87,0.587305026,0.267242443
8/28/2017,1359.7,46.57,0.625866551,0.251202961
8/29/2017,1362.8,46.44,0.632582322,0.249599013
8/30/2017,1358,45.96,0.622183709,0.243676743
8/31/2017,1365.6,47.23,0.63864818,0.259346083
9/1/2017,1374.2,47.29,0.657279029,0.260086366
9/4/2017,1338.08,47.41,0.579029463,0.261566934
9/5/2017,1388.3,48.66,0.687824957,0.276989513
9/6/2017,1383,49.16,0.676343154,0.283158544
9/7/2017,1395.1,49.09,0.702556326,0.28229488
9/8/2017,1396.4,47.48,0.705372617,0.262430598
9/11/2017,1381.2,48.07,0.672443674,0.269710056
9/12/2017,1378.9,48.23,0.667461005,0.271684146
9/13/2017,1373.8,49.3,0.656412478,0.284885873
9/14/2017,1376.3,49.89,0.661828423,0.29216533
9/15/2017,1372.2,49.89,0.652946274,0.29216533
9/18/2017,1357.4,49.91,0.620883882,0.292412091
9/19/2017,1358.3,49.48,0.622833622,0.287106724
9/20/2017,1364,50.41,0.635181976,0.298581123
9/21/2017,1342.4,50.55,0.588388215,0.300308452
9/22/2017,1345.1,50.66,0.594237435,0.301665638
9/25/2017,1359.2,52.22,0.624783362,0.320913017
9/26/2017,1349.7,51.88,0.604202773,0.316718075
9/27/2017,1336.3,52.14,0.57517331,0.319925972
9/28/2017,1336.9,51.56,0.576473137,0.312769895
9/29/2017,1333.2,51.67,0.568457539,0.314127082
10/2/2017,1324.7,50.58,0.550043328,0.300678593
10/3/2017,1323.4,50.42,0.547227036,0.298704503
10/4/2017,1325.6,49.98,0.551993068,0.293275756
10/5/2017,1322.6,50.79,0.545493934,0.303269587
10/6/2017,1324.3,49.29,0.549176776,0.284762492
10/9/2017,1334.7,49.58,0.571707106,0.288340531
10/10/2017,1343.7,50.92,0.591204506,0.304873535
10/11/2017,1338.8,51.3,0.580589255,0.309561999
10/12/2017,1346.6,50.6,0.597487002,0.300925355
10/13/2017,1354.7,51.45,0.615034662,0.311412708
10/16/2017,1353.9,51.87,0.61330156,0.316594695
10/17/2017,1336.7,51.88,0.576039861,0.316718075
10/18/2017,1333.5,52.04,0.569107452,0.318692165
10/19/2017,1340.1,51.29,0.583405546,0.309438618
10/20/2017,1330.4,51.47,0.562391681,0.311659469
10/23/2017,1331.1,51.9,0.563908146,0.316964837
10/24/2017,1328.4,52.47,0.558058925,0.323997532
10/25/2017,1329.7,52.18,0.560875217,0.320419494
10/26/2017,1320.3,52.64,0.540511265,0.326095003
10/27/2017,1322,53.9,0.544194107,0.341640962
10/30/2017,1327.8,54.15,0.556759099,0.344725478
10/31/2017,1320.6,54.38,0.541161179,0.347563233
11/1/2017,1327.5,54.3,0.556109185,0.346576188
11/2/2017,1328.3,54.54,0.557842288,0.349537323
11/3/2017,1319.8,55.64,0.539428076,0.363109192
11/6/2017,1332.4,57.35,0.566724437,0.384207279
11/7/2017,1326.5,57.2,0.553942808,0.38235657
11/8/2017,1334.9,56.81,0.572140381,0.377544725
11/9/2017,1339.4,57.17,0.581889081,0.381986428
11/10/2017,1327.1,56.74,0.555242634,0.376681061
11/13/2017,1332.5,56.76,0.566941075,0.376927822
11/14/2017,1336.3,55.7,0.57517331,0.363849476
11/15/2017,1330.8,55.33,0.563258232,0.359284392
11/16/2017,1331.5,55.14,0.564774697,0.35694016
11/17/2017,1350.1,56.55,0.605069324,0.374336829
11/20/2017,1329.4,56.09,0.560225303,0.36866132
11/21/2017,1336.5,56.83,0.575606586,0.377791487
11/22/2017,1347.1,58.02,0.598570191,0.392473782
11/23/2017,1291.66,58.38,0.478466205,0.396915484
11/24/2017,1342.3,58.95,0.588171577,0.40394818
11/27/2017,1349.4,58.11,0.60355286,0.393584207
11/28/2017,1349.7,57.99,0.604202773,0.39210364
11/29/2017,1337.1,57.3,0.576906412,0.383590376
11/30/2017,1328,57.4,0.557192374,0.384824183
12/1/2017,1333.5,58.36,0.569107452,0.396668723
12/4/2017,1328.7,57.47,0.558708839,0.385687847
12/5/2017,1315.8,57.62,0.530762565,0.387538556
12/6/2017,1316.9,55.96,0.533145581,0.367057372
12/7/2017,1303.7,56.69,0.504549393,0.376064158
12/8/2017,1298.8,57.36,0.493934142,0.38433066
12/11/2017,1297.5,57.99,0.491117851,0.39210364
12/12/2017,1292.6,57.14,0.4805026,0.381616286
12/13/2017,1299.4,56.6,0.495233969,0.374953732
12/14/2017,1307.9,57.04,0.51364818,0.38038248
12/15/2017,1308.1,57.3,0.514081456,0.383590376
12/18/2017,1316.3,57.16,0.531845754,0.381863048
12/19/2017,1315.5,57.46,0.530112652,0.385564466
12/20/2017,1321.1,58.09,0.542244367,0.393337446
12/21/2017,1322,58.36,0.544194107,0.396668723
12/22/2017,1330.5,58.47,0.562608319,0.39802591
12/25/2017,1277.9,58.59,0.448656846,0.399506477
12/26/2017,1339.2,59.97,0.581455806,0.416533004
12/27/2017,1343,59.64,0.589688042,0.412461444
12/28/2017,1350.1,59.84,0.605069324,0.414929056
12/29/2017,1362.6,60.42,0.632149047,0.422085133
1/1/2018,1308.7,60.24,0.515381282,0.419864281
1/2/2018,1370.5,60.37,0.649263432,0.421468229
1/3/2018,1374.2,61.63,0.657279029,0.437014189
1/4/2018,1377.4,62.01,0.664211438,0.441702653
1/5/2018,1378.4,61.44,0.666377816,0.434669957
1/8/2018,1376.8,61.73,0.662911612,0.438247995
1/9/2018,1370,62.96,0.648180243,0.453423812
1/10/2018,1377,63.57,0.663344887,0.460950031
1/11/2018,1380.1,63.8,0.670060659,0.463787785
1/12/2018,1394.4,64.3,0.701039861,0.469956817
1/15/2018,1341.8,64.73,0.587088388,0.475262184
1/16/2018,1396.8,63.73,0.706239168,0.462924121
1/17/2018,1399.7,63.97,0.712521664,0.465885256
1/18/2018,1387.4,63.95,0.685875217,0.465638495
1/19/2018,1394.3,63.37,0.700823224,0.458482418
1/22/2018,1394,63.49,0.70017331,0.459962986
1/23/2018,1398.2,64.47,0.709272097,0.472054287
1/24/2018,1419.1,65.61,0.754549393,0.486119679
1/25/2018,1425.9,65.51,0.769280763,0.484885873
1/26/2018,1416,66.14,0.747833622,0.492658853
1/29/2018,1403.6,65.56,0.720970537,0.485502776
1/30/2018,1398.5,64.5,0.70992201,0.472424429
1/31/2018,1401.7,64.73,0.716854419,0.475262184
2/1/2018,1406.7,65.8,0.727686308,0.488463911
2/2/2018,1396.2,65.45,0.704939341,0.484145589
2/5/2018,1394.5,64.15,0.701256499,0.468106107
2/6/2018,1387,63.39,0.685008666,0.45872918
2/7/2018,1372.3,61.79,0.653162912,0.438988279
2/8/2018,1376.4,61.15,0.662045061,0.431091919
2/9/2018,1372.3,59.2,0.653162912,0.407032696
2/12/2018,1383.1,59.29,0.676559792,0.408143122
2/13/2018,1387,59.19,0.685008666,0.406909315
2/14/2018,1415.1,60.6,0.745883882,0.424305984
2/15/2018,1413.7,61.34,0.742850953,0.433436151
2/16/2018,1415,61.68,0.745667244,0.437631092
2/19/2018,1347.8,62.38,0.600086655,0.446267736
2/20/2018,1390.1,61.9,0.691724437,0.440345466
2/21/2018,1392.3,61.68,0.696490468,0.437631092
2/22/2018,1393.1,62.77,0.69822357,0.451079581
2/23/2018,1390.7,63.55,0.693024263,0.46070327
2/26/2018,1394.8,63.91,0.701906412,0.465144972
2/27/2018,1381.3,63.01,0.672660312,0.454040716
2/28/2018,1380.8,61.64,0.671577123,0.437137569
3/1/2018,1367.6,60.99,0.642980936,0.429117829
3/2/2018,1385.8,61.25,0.682409012,0.432325725
3/5/2018,1382.1,62.57,0.674393414,0.448611968
3/6/2018,1397.5,62.6,0.707755633,0.44898211
3/7/2018,1389.5,61.15,0.69042461,0.431091919
3/8/2018,1384,60.12,0.678509532,0.418383714
3/9/2018,1386.9,62.04,0.684792028,0.442072795
3/12/2018,1383.7,61.36,0.677859619,0.433682912
3/13/2018,1390.3,60.71,0.692157712,0.425663171
3/14/2018,1388.6,60.96,0.68847487,0.428747687
3/15/2018,1380.6,61.19,0.671143847,0.431585441
3/16/2018,1375.2,62.34,0.659445407,0.445774213
3/19/2018,1380.6,62.06,0.671143847,0.442319556
3/20/2018,1375.1,63.4,0.659228769,0.45885256
3/21/2018,1385.5,65.17,0.681759099,0.480690932
3/22/2018,1391.1,64.3,0.693890815,0.469956817
3/23/2018,1413.9,65.88,0.743284229,0.489450956
3/26/2018,1419.9,65.55,0.756282496,0.485379395
3/27/2018,1406.7,65.25,0.727686308,0.481677977
3/28/2018,1387.8,64.38,0.686741768,0.470943862
3/29/2018,1384.9,64.94,0.680459272,0.477853177
3/30/2018,1384.9,64.94,0.680459272,0.477853177
4/2/2018,1404.7,63.01,0.723353553,0.454040716
4/3/2018,1395.4,63.51,0.703206239,0.460209747
4/4/2018,1398.6,63.37,0.710138648,0.458482418
4/5/2018,1387,63.54,0.685008666,0.460579889
4/6/2018,1394.8,62.06,0.701906412,0.442319556
4/9/2018,1398.5,63.42,0.70992201,0.459099321
4/10/2018,1404.4,65.51,0.72270364,0.484885873
4/11/2018,1418.9,66.82,0.754116118,0.501048735
4/12/2018,1400.3,67.07,0.71382149,0.504133251
4/13/2018,1406.6,67.39,0.727469671,0.508081431
4/16/2018,1409.3,66.22,0.733318891,0.493645898
4/17/2018,1408,66.52,0.7305026,0.497347316
4/18/2018,1412.2,68.47,0.739601386,0.521406539
4/19/2018,1407.5,68.29,0.729419411,0.519185688
4/20/2018,1396.9,68.38,0.706455806,0.520296114
4/23/2018,1382.7,68.64,0.675693241,0.52350401
4/24/2018,1391.8,67.7,0.695407279,0.511906231
4/25/2018,1381.6,68.05,0.673310225,0.516224553
4/26/2018,1376.7,68.19,0.662694974,0.517951882
4/27/2018,1382.3,68.1,0.67482669,0.516841456
4/30/2018,1377.8,68.57,0.66507799,0.522640345
5/1/2018,1365.1,67.25,0.637564991,0.506354102
5/2/2018,1364,67.93,0.635181976,0.514743985
5/3/2018,1371.1,68.43,0.650563258,0.520913017
5/4/2018,1373.4,69.72,0.655545927,0.536829118
5/7/2018,1372.9,70.73,0.654462738,0.549290561
5/8/2018,1372.5,69.06,0.653596187,0.528685996
5/9/2018,1371.7,71.14,0.651863085,0.554349167
5/10/2018,1380.8,71.36,0.671577123,0.557063541
5/11/2018,1379.1,70.7,0.667894281,0.548920419
5/14/2018,1376.6,70.96,0.662478336,0.552128316
5/15/2018,1348.5,71.31,0.60160312,0.556446638
5/16/2018,1350.1,71.49,0.605069324,0.558667489
5/17/2018,1347.9,71.49,0.600303293,0.558667489
5/18/2018,1349.2,71.28,0.603119584,0.556076496
5/21/2018,1349,72.24,0.602686308,0.567921036
5/22/2018,1350,72.13,0.604852686,0.566563849
5/23/2018,1347.4,71.84,0.599220104,0.562985811
5/24/2018,1362.4,70.71,0.631715771,0.5490438
5/25/2018,1361.4,67.88,0.629549393,0.514127082
5/28/2018,1297.6,67.05,0.491334489,0.50388649
5/29/2018,1354.6,66.73,0.614818024,0.49993831
5/30/2018,1357.6,68.21,0.621317158,0.518198643
5/31/2018,1355.9,67.04,0.617634315,0.503763109
6/1/2018,1350.9,65.81,0.606802426,0.488587292
6/4/2018,1349.4,64.75,0.60355286,0.475508945
6/5/2018,1354.1,65.52,0.613734835,0.485009254
6/6/2018,1353.5,64.73,0.612435009,0.475262184
6/7/2018,1354.4,65.95,0.614384749,0.490314621
6/8/2018,1354.4,65.74,0.614384749,0.487723627
6/11/2018,1355.5,66.1,0.616767764,0.49216533
6/12/2018,1351.8,66.36,0.608752166,0.495373226
6/13/2018,1353.5,66.64,0.612435009,0.498827884
6/14/2018,1360.6,66.89,0.627816291,0.5019124
6/15/2018,1329.3,65.06,0.560008666,0.479333745
6/18/2018,1331.1,65.85,0.563908146,0.489080814
6/19/2018,1329.2,65.07,0.559792028,0.479457125
6/20/2018,1325.3,66.22,0.551343154,0.493645898
6/21/2018,1321,65.54,0.54202773,0.485256015
6/22/2018,1321.3,68.58,0.542677643,0.522763726
6/25/2018,1319.2,68.08,0.53812825,0.516594695
6/26/2018,1309.6,70.53,0.517331023,0.546822949
6/27/2018,1305.7,72.76,0.508882149,0.574336829
6/28/2018,1300.2,73.45,0.496967071,0.582850093
6/29/2018,1303.9,74.15,0.504982669,0.591486737
7/2/2018,1289.9,73.94,0.47465338,0.588895743
7/3/2018,1302.4,74.14,0.501733102,0.591363356
7/4/2018,1258.1,74.13,0.405762565,0.591239975
7/5/2018,1307.6,72.94,0.512998267,0.57655768
7/6/2018,1304.8,73.8,0.506932409,0.587168415
7/9/2018,1309,73.85,0.516031196,0.587785318
7/10/2018,1305.1,74.11,0.507582322,0.590993214
7/11/2018,1293.3,70.38,0.482019064,0.544972239
7/12/2018,1295.4,70.33,0.486568458,0.544355336
7/13/2018,1289.7,71.01,0.474220104,0.552745219
7/16/2018,1288.2,68.06,0.470970537,0.516347933
7/17/2018,1275.3,68.08,0.443024263,0.516594695
7/18/2018,1275.7,68.76,0.443890815,0.524984577
7/19/2018,1271.1,69.46,0.433925477,0.533621221
7/20/2018,1277.5,70.46,0.447790295,0.545959284
7/23/2018,1271.4,67.89,0.43457539,0.514250463
7/24/2018,1271.5,68.52,0.434792028,0.522023442
7/25/2018,1277.4,69.3,0.447573657,0.531647131
7/26/2018,1271.8,69.61,0.435441941,0.535471931
7/27/2018,1269.3,68.69,0.430025997,0.524120913
7/30/2018,1268,70.13,0.427209705,0.541887724
7/31/2018,1270.1,68.76,0.431759099,0.524984577
8/1/2018,1264.3,67.66,0.419194107,0.511412708
8/2/2018,1256.5,68.96,0.40229636,0.52745219
8/3/2018,1259.7,68.49,0.409228769,0.5216533
8/6/2018,1254.1,69.01,0.397097054,0.528069093
8/7/2018,1254.7,69.17,0.39839688,0.530043183
8/8/2018,1257.3,66.94,0.404029463,0.502529303
8/9/2018,1256.3,66.81,0.401863085,0.500925355
8/10/2018,1255.1,67.63,0.399263432,0.511042566
8/13/2018,1234.6,67.2,0.354852686,0.505737199
8/14/2018,1236.4,67.04,0.358752166,0.503763109
8/15/2018,1220.2,65.01,0.323656846,0.478716841
8/16/2018,1219.2,65.46,0.321490468,0.48426897
8/17/2018,1219.3,65.91,0.321707106,0.489821098
8/20/2018,1229.6,66.43,0.344020797,0.496236891
8/21/2018,1234.9,67.35,0.3555026,0.507587909
8/22/2018,1238.2,67.86,0.362651646,0.513880321
8/23/2018,1228.4,67.83,0.341421144,0.513510179
8/24/2018,1248.2,68.72,0.384315425,0.524491055
8/27/2018,1251.2,68.87,0.390814558,0.526341764
8/28/2018,1249.6,68.53,0.387348354,0.522146823
8/29/2018,1246.5,69.51,0.380632582,0.534238125
8/30/2018,1239.5,70.25,0.365467938,0.543368291
8/31/2018,1241.1,69.8,0.368934142,0.537816163
9/3/2018,1206.3,70.12,0.293544194,0.541764343
9/4/2018,1233.6,69.87,0.352686308,0.538679827
9/5/2018,1236,68.72,0.357885615,0.524491055
9/6/2018,1239.1,67.77,0.364601386,0.512769895
9/7/2018,1235.5,67.75,0.356802426,0.512523134
9/10/2018,1235,67.54,0.355719237,0.509932141
9/11/2018,1237.6,69.25,0.36135182,0.531030228
9/12/2018,1246.6,70.37,0.38084922,0.544848859
9/13/2018,1243.8,68.59,0.374783362,0.522887107
9/14/2018,1236.6,68.99,0.359185442,0.527822332
9/17/2018,1241.2,68.91,0.36915078,0.526835287
9/18/2018,1238.3,69.85,0.362868284,0.538433066
9/19/2018,1244.1,71.12,0.375433276,0.554102406
9/20/2018,1247,70.8,0.381715771,0.550154226
9/21/2018,1236.9,70.78,0.359835355,0.549907465
9/24/2018,1240,72.08,0.366551127,0.565946946
9/25/2018,1240.8,72.28,0.368284229,0.568414559
9/26/2018,1234.4,71.57,0.354419411,0.559654534
9/27/2018,1222.4,72.12,0.328422877,0.566440469
9/28/2018,1231.3,73.25,0.34770364,0.58038248
10/1/2018,1227,75.3,0.338388215,0.605675509
10/2/2018,1242.7,75.23,0.372400347,0.604811845
10/3/2018,1238.7,76.41,0.363734835,0.619370759
10/4/2018,1237.5,74.33,0.361135182,0.593707588
10/5/2018,1242.2,74.34,0.371317158,0.593830969
10/8/2018,1224.9,74.29,0.333838821,0.593214065
10/9/2018,1227.8,74.96,0.340121317,0.601480568
10/10/2018,1229.4,73.17,0.343587522,0.579395435
10/11/2018,1264,70.97,0.418544194,0.552251696
10/12/2018,1258.1,71.34,0.405762565,0.55681678
10/15/2018,1266.9,71.78,0.42482669,0.562245527
10/16/2018,1267.3,71.92,0.425693241,0.563972856
10/17/2018,1263.4,69.75,0.417244367,0.53719926
10/18/2018,1266.6,68.65,0.424176776,0.52362739
10/19/2018,1265.3,69.12,0.421360485,0.52942628
10/22/2018,1261.3,69.17,0.412694974,0.530043183
10/23/2018,1273.5,66.43,0.439124783,0.496236891
10/24/2018,1267.6,66.82,0.426343154,0.501048735
10/25/2018,1269,67.33,0.429376083,0.507341147
10/26/2018,1272.3,67.59,0.43652513,0.510549044
10/29/2018,1263.7,67.04,0.417894281,0.503763109
10/30/2018,1261.5,66.18,0.41312825,0.493152375
10/31/2018,1250.8,65.31,0.389948007,0.48241826
11/1/2018,1274.8,63.69,0.441941075,0.462430598
11/2/2018,1269.9,63.14,0.431325823,0.455644664
11/5/2018,1269,63.1,0.429376083,0.455151141
11/6/2018,1263,62.21,0.416377816,0.444170265
11/7/2018,1265.4,61.67,0.421577123,0.437507711
11/8/2018,1262,60.67,0.414211438,0.425169648
11/9/2018,1245,60.19,0.377383016,0.419247378
11/12/2018,1239.6,59.93,0.365684575,0.416039482
11/13/2018,1237.5,55.69,0.361135182,0.363726095
11/14/2018,1246.2,56.25,0.379982669,0.37063541
11/15/2018,1251.7,56.46,0.391897747,0.373226403
11/16/2018,1259,56.46,0.407712305,0.373226403
11/19/2018,1261.6,56.76,0.413344887,0.376927822
11/20/2018,1257.5,53.43,0.404462738,0.335842073
11/21/2018,1264.7,54.63,0.420060659,0.350647748
11/22/2018,1228,54.02,0.340554593,0.34312153
11/23/2018,1260,50.42,0.409878683,0.298704503
11/26/2018,1259.7,51.63,0.409228769,0.31363356
11/27/2018,1250.4,51.56,0.389081456,0.312769895
11/28/2018,1260.2,50.29,0.410311958,0.297100555
11/29/2018,1260.8,51.45,0.411611785,0.311412708
11/30/2018,1256.5,50.93,0.40229636,0.304996915
12/3/2018,1270.2,52.95,0.431975737,0.329919803
12/4/2018,1277.4,53.25,0.447573657,0.333621221
12/5/2018,1273.4,52.89,0.438908146,0.329179519
12/6/2018,1274.3,51.49,0.440857886,0.311906231
12/7/2018,1283.6,52.61,0.461005199,0.325724861
12/10/2018,1280,51,0.453206239,0.30586058
12/11/2018,1278.1,51.65,0.449090121,0.313880321
12/12/2018,1281,51.15,0.455372617,0.307711289
12/13/2018,1278.4,52.58,0.449740035,0.325354719
12/14/2018,1272.2,51.2,0.436308492,0.308328192
12/17/2018,1282.6,49.88,0.458838821,0.292041949
12/18/2018,1284,46.24,0.46187175,0.2471314
12/19/2018,1286.8,47.2,0.467937608,0.258975941
12/20/2018,1298.6,45.88,0.493500867,0.242689698
12/21/2018,1288.6,45.59,0.471837088,0.239111659
12/24/2018,1302.4,42.53,0.501733102,0.201357187
12/25/2018,1270.75,43.16,0.433167244,0.209130167
12/26/2018,1303.7,46.22,0.504549393,0.246884639
12/27/2018,1311.9,44.61,0.522313692,0.227020358
12/28/2018,1313.7,45.33,0.526213172,0.235903763
12/31/2018,1312.5,45.41,0.523613518,0.236890808
1/1/2019,1283.35,45.89,0.460463605,0.242813078
