date,price
1/1/2014,1205.4
1/2/2014,1391.7
1/3/2014,1405.5
1/6/2014,1405
1/7/2014,1395.5
1/8/2014,1392.6
1/9/2014,1397.9
1/10/2014,1413.4
1/13/2014,1416
1/14/2014,1411.8
1/15/2014,1405.9
1/16/2014,1405.7
1/17/2014,1417.1
1/20/2014,1255.1
1/21/2014,1405.1
1/22/2014,1403.6
1/23/2014,1426.1
1/24/2014,1426
1/27/2014,1425.1
1/28/2014,1412
1/29/2014,1422.2
1/30/2014,1402.8
1/31/2014,1398.9
2/3/2014,1417.1
2/4/2014,1407.3
2/5/2014,1413
2/6/2014,1413.3
2/7/2014,1415.7
2/10/2014,1427.5
2/11/2014,1443.6
2/12/2014,1451.1
2/13/2014,1451.4
2/14/2014,1470.8
2/17/2014,1328.5
2/18/2014,1473.2
2/19/2014,1467.7
2/20/2014,1467.8
2/21/2014,1474.4
2/24/2014,1491
2/25/2014,1493.8
2/26/2014,1478.4
2/27/2014,1481.3
2/28/2014,1473
3/3/2014,1500
3/4/2014,1488.7
3/5/2014,1491.1
3/6/2014,1504.3
3/7/2014,1494.6
3/10/2014,1497.2
3/11/2014,1502.2
3/12/2014,1525.2
3/13/2014,1526
3/14/2014,1532.4
3/17/2014,1525.6
3/18/2014,1511.6
3/19/2014,1493
3/20/2014,1488.7
3/21/2014,1493.5
3/24/2014,1468.5
3/25/2014,1466.4
3/26/2014,1456.1
3/27/2014,1447.8
3/28/2014,1445.3
3/31/2014,1433.8
4/1/2014,1430
4/2/2014,1442.5
4/3/2014,1435.1
4/4/2014,1452.7
4/7/2014,1442.7
4/8/2014,1452.3
4/9/2014,1451.1
4/10/2014,1461.7
4/11/2014,1459.7
4/14/2014,1469.3
4/15/2014,1442
4/16/2014,1446
4/17/2014,1437.5
4/18/2014,1437.5
4/21/2014,1432.4
4/22/2014,1425.4
4/23/2014,1424
4/24/2014,1429.7
4/25/2014,1438.9
4/28/2014,1435.7
4/29/2014,1432.5
4/30/2014,1431.8
5/1/2014,1417.5
5/2/2014,1437.5
5/5/2014,1444.4
5/6/2014,1444
5/7/2014,1423.3
5/8/2014,1421.7
5/9/2014,1421.8
5/12/2014,1430.6
5/13/2014,1427.5
5/14/2014,1435.3
5/15/2014,1422
5/16/2014,1422.3
5/19/2014,1421.9
5/20/2014,1422.5
5/21/2014,1416.1
5/22/2014,1422.7
5/23/2014,1419.1
5/26/2014,1292.5
5/27/2014,1392.9
5/28/2014,1385.4
5/29/2014,1379.5
5/30/2014,1368.9
6/2/2014,1367.7
6/3/2014,1368.2
6/4/2014,1368.4
6/5/2014,1377.3
6/6/2014,1377.6
6/9/2014,1380.2
6/10/2014,1386.5
6/11/2014,1387
6/12/2014,1399.9
6/13/2014,1401.6
6/16/2014,1403
6/17/2014,1399.9
6/18/2014,1400.6
6/19/2014,1442.5
6/20/2014,1445.2
6/23/2014,1447
6/24/2014,1448.6
6/25/2014,1449.2
6/26/2014,1443.4
6/27/2014,1444.7
6/30/2014,1445.1
7/1/2014,1450.2
7/2/2014,1454.8
7/3/2014,1445.6
7/4/2014,1321.3
7/7/2014,1442
7/8/2014,1441.4
7/9/2014,1449.7
7/10/2014,1464.7
7/11/2014,1462.9
7/14/2014,1430.7
7/15/2014,1421.3
7/16/2014,1424.9
7/17/2014,1442.1
7/18/2014,1434.7
7/21/2014,1439.6
7/22/2014,1431.6
7/23/2014,1430.3
7/24/2014,1417.3
7/25/2014,1430.3
7/28/2014,1432
7/29/2014,1426.7
7/30/2014,1426.1
7/31/2014,1411.5
8/1/2014,1421.1
8/4/2014,1411.9
8/5/2014,1409
8/6/2014,1432.7
8/7/2014,1437.3
8/8/2014,1435.9
8/11/2014,1435.5
8/12/2014,1435.3
8/13/2014,1437.9
8/14/2014,1439.1
8/15/2014,1429.4
8/18/2014,1422.8
8/19/2014,1419
8/20/2014,1419
8/21/2014,1399.2
8/22/2014,1404.1
8/25/2014,1403.1
8/26/2014,1409.3
8/27/2014,1406.9
8/28/2014,1413.8
8/29/2014,1410.6
9/1/2014,1287.4
9/2/2014,1389
9/3/2014,1395.5
9/4/2014,1392.3
9/5/2014,1393.2
9/8/2014,1380.2
9/9/2014,1374.6
9/10/2014,1372
9/11/2014,1365.4
9/12/2014,1357.8
9/15/2014,1361.3
9/16/2014,1363
9/17/2014,1362
9/18/2014,1353.4
9/19/2014,1343.1
9/22/2014,1344.2
9/23/2014,1347.2
9/24/2014,1344.9
9/25/2014,1346.4
9/26/2014,1340.4
9/29/2014,1343.7
9/30/2014,1336.7
10/1/2014,1340.2
10/2/2014,1338.1
10/3/2014,1316.9
10/6/2014,1330.7
10/7/2014,1333.6
10/8/2014,1314.2
10/9/2014,1328.8
10/10/2014,1323.7
10/13/2014,1329.3
10/14/2014,1329.3
10/15/2014,1331.3
10/16/2014,1327.5
10/17/2014,1328.5
10/20/2014,1334.3
10/21/2014,1341.8
10/22/2014,1336.6
10/23/2014,1322.1
10/24/2014,1325
10/27/2014,1322.4
10/28/2014,1322.6
10/29/2014,1319.2
10/30/2014,1292.9
10/31/2014,1265.9
11/3/2014,1264.4
11/4/2014,1260.3
11/5/2014,1238.1
11/6/2014,1234.4
11/7/2014,1261
11/10/2014,1251.3
11/11/2014,1255.1
11/12/2014,1250.4
11/13/2014,1251.4
11/14/2014,1275.6
11/17/2014,1273.7
11/18/2014,1285.5
11/19/2014,1283.4
11/20/2014,1278.9
11/21/2014,1285.9
11/24/2014,1284.2
11/25/2014,1285.2
11/26/2014,1284.5
11/27/2014,1188.8
11/28/2014,1261.2
12/1/2014,1302.5
12/2/2014,1284.7
12/3/2014,1295.8
12/4/2014,1294.2
12/5/2014,1280.8
12/8/2014,1284.4
12/9/2014,1320.2
12/10/2014,1315.5
12/11/2014,1312.3
12/12/2014,1303.5
12/15/2014,1287.7
12/16/2014,1272
12/17/2014,1272.3
12/18/2014,1273.9
12/19/2014,1275.6
12/22/2014,1259.7
12/23/2014,1259.7
12/24/2014,1255.6
12/25/2014,1177
12/26/2014,1277.7
12/29/2014,1262.9
12/30/2014,1281.9
12/31/2014,1265.4
1/1/2015,1186.8
1/2/2015,1267.7
1/5/2015,1283.5
1/6/2015,1292.2
1/7/2015,1283.6
1/8/2015,1281.6
1/9/2015,1287.4
1/12/2015,1303.2
1/13/2015,1304.5
1/14/2015,1294.5
1/15/2015,1322.8
1/16/2015,1334.9
1/19/2015,1275.9
1/20/2015,1352.4
1/21/2015,1353.4
1/22/2015,1365.2
1/23/2015,1357.6
1/26/2015,1345.6
1/27/2015,1354.7
1/28/2015,1346.9
1/29/2015,1315.8
1/30/2015,1336.6
2/2/2015,1334.4
2/3/2015,1319.3
2/4/2015,1325.4
2/5/2015,1323.9
2/6/2015,1301.6
2/9/2015,1308.9
2/10/2015,1300.2
2/11/2015,1288.2
2/12/2015,1287.7
2/13/2015,1294.2
2/16/2015,1231.7
2/17/2015,1278.9
2/18/2015,1270.5
2/19/2015,1275.9
2/20/2015,1272.2
2/23/2015,1267.7
2/24/2015,1262.1
2/25/2015,1265
2/26/2015,1275.1
2/27/2015,1278.4
3/2/2015,1274.8
3/3/2015,1273.2
3/4/2015,1269.6
3/5/2015,1265.1
3/6/2015,1234.6
3/9/2015,1237
3/10/2015,1227.1
3/11/2015,1217.4
3/12/2015,1218
3/13/2015,1217.9
3/16/2015,1218.3
3/17/2015,1213.5
3/18/2015,1216.5
3/19/2015,1228.5
3/20/2015,1243.7
3/23/2015,1246.5
3/24/2015,1250.2
3/25/2015,1256.3
3/26/2015,1266
3/27/2015,1260.9
3/30/2015,1245.4
3/31/2015,1241.2
4/1/2015,1263.2
4/2/2015,1257.2
4/3/2015,1257.2
4/6/2015,1274.4
4/7/2015,1267.4
4/8/2015,1260.1
4/9/2015,1250.6
4/10/2015,1262.3
4/13/2015,1256.8
4/14/2015,1247.1
4/15/2015,1255.5
4/16/2015,1252
4/17/2015,1257.1
4/20/2015,1248.3
4/21/2015,1258.1
4/22/2015,1243.7
4/23/2015,1251
4/24/2015,1229.4
4/27/2015,1258.2
4/28/2015,1270.4
4/29/2015,1269
4/30/2015,1242
5/1/2015,1235.1
5/4/2015,1248
5/5/2015,1257.2
5/6/2015,1255.7
5/7/2015,1247.5
5/8/2015,1251.5
5/11/2015,1246.3
5/12/2015,1256
5/13/2015,1281.2
5/14/2015,1288
5/15/2015,1287.9
5/18/2015,1290.2
5/19/2015,1270.4
5/20/2015,1272.5
5/21/2015,1267.1
5/22/2015,1268.7
5/25/2015,1207.4
5/26/2015,1251.2
5/27/2015,1249.6
5/28/2015,1251.5
5/29/2015,1251.7
6/1/2015,1251.4
6/2/2015,1258.8
6/3/2015,1250.9
6/4/2015,1241.1
6/5/2015,1237.6
6/8/2015,1243
6/9/2015,1247.8
6/10/2015,1259.6
6/11/2015,1253.6
6/12/2015,1252
6/15/2015,1256.8
6/16/2015,1250.4
6/17/2015,1247.9
6/18/2015,1271.8
6/19/2015,1270.4
6/22/2015,1253.1
6/23/2015,1245.8
6/24/2015,1242
6/25/2015,1241.3
6/26/2015,1244.1
6/29/2015,1249
6/30/2015,1241.8
7/1/2015,1239.5
7/2/2015,1232.5
7/3/2015,1167.8
7/6/2015,1241.6
7/7/2015,1220.5
7/8/2015,1229.6
7/9/2015,1226.1
7/10/2015,1227.6
7/13/2015,1226
7/14/2015,1223.4
7/15/2015,1217.3
7/16/2015,1214.2
7/17/2015,1201.7
7/20/2015,1176.5
7/21/2015,1170.5
7/22/2015,1158.6
7/23/2015,1161.1
7/24/2015,1151
7/27/2015,1161.6
7/28/2015,1161.6
7/29/2015,1158.5
7/30/2015,1154.4
7/31/2015,1154.1
8/3/2015,1147.8
8/4/2015,1149.7
8/5/2015,1148.1
8/6/2015,1152.6
8/7/2015,1156.8
8/10/2015,1166.8
8/11/2015,1168.7
8/12/2015,1184
8/13/2015,1176.1
8/14/2015,1173.3
8/17/2015,1178.9
8/18/2015,1177.3
8/19/2015,1188.1
8/20/2015,1213.2
8/21/2015,1217.8
8/24/2015,1209.9
8/25/2015,1194.7
8/26/2015,1180
8/27/2015,1178.2
8/28/2015,1189.4
8/31/2015,1187.9
9/1/2015,1192.3
9/2/2015,1185.4
9/3/2015,1174.5
9/4/2015,1171.5
9/7/2015,1119.9
9/8/2015,1170.9
9/9/2015,1151.7
9/10/2015,1158.9
9/11/2015,1152.9
9/14/2015,1156.7
9/15/2015,1151.5
9/16/2015,1168.6
9/17/2015,1167.2
9/18/2015,1186.5
9/21/2015,1181.8
9/22/2015,1172.7
9/23/2015,1179.4
9/24/2015,1200.7
9/25/2015,1192.6
9/28/2015,1178.2
9/29/2015,1172.9
9/30/2015,1158.4
10/1/2015,1156.9
10/2/2015,1179
10/5/2015,1178.3
10/6/2015,1186.4
10/7/2015,1189.1
10/8/2015,1185
10/9/2015,1197.5
10/12/2015,1206.2
10/13/2015,1206.9
10/14/2015,1219.3
10/15/2015,1227.1
10/16/2015,1222.3
10/19/2015,1212
10/20/2015,1216.6
10/21/2015,1205.4
10/22/2015,1204.1
10/23/2015,1200.1
10/26/2015,1201.7
10/27/2015,1199.8
10/28/2015,1210.9
10/29/2015,1183.4
10/30/2015,1176.8
11/2/2015,1172
11/3/2015,1150.2
11/4/2015,1142.8
11/5/2015,1141.7
11/6/2015,1129.5
11/9/2015,1130.8
11/10/2015,1131
11/11/2015,1127
11/12/2015,1122.9
11/13/2015,1122.9
11/16/2015,1124.1
11/17/2015,1108.5
11/18/2015,1108.5
11/19/2015,1117.2
11/20/2015,1115.4
11/23/2015,1106.3
11/24/2015,1113.2
11/25/2015,1110
11/26/2015,1070.8
11/27/2015,1096.5
11/30/2015,1105.9
12/1/2015,1104
12/2/2015,1094.4
12/3/2015,1102.6
12/4/2015,1125.2
12/7/2015,1116.3
12/8/2015,1116.4
12/9/2015,1117.3
12/10/2015,1112.7
12/11/2015,1116.2
12/14/2015,1103.8
12/15/2015,1102.2
12/16/2015,1117.7
12/17/2015,1090.5
12/18/2015,1105.7
12/21/2015,1122.9
12/22/2015,1116.4
12/23/2015,1110.6
12/24/2015,1118.3
12/25/2015,1118.3
12/28/2015,1110.5
12/29/2015,1111
12/30/2015,1103.2
12/31/2015,1103.4
1/1/2016,1103.4
1/4/2016,1118.1
1/5/2016,1121
1/6/2016,1134.5
1/7/2016,1145.3
1/8/2016,1134.9
1/11/2016,1131.7
1/12/2016,1120.3
1/13/2016,1120.6
1/14/2016,1106.4
1/15/2016,1121.6
1/18/2016,1088.5
1/19/2016,1119.9
1/20/2016,1135.8
1/21/2016,1127.7
1/22/2016,1126.7
1/25/2016,1136.5
1/26/2016,1151.4
1/27/2016,1148
1/28/2016,1147.8
1/29/2016,1146.2
2/1/2016,1157.8
2/2/2016,1156.4
2/3/2016,1169.6
2/4/2016,1184
2/5/2016,1184.3
2/8/2016,1224.5
2/9/2016,1223.4
2/10/2016,1219.3
2/11/2016,1268.8
2/12/2016,1257.9
2/15/2016,1208.1
2/16/2016,1227.8
2/17/2016,1233.9
2/18/2016,1249.2
2/19/2016,1254.1
2/22/2016,1233.4
2/23/2016,1248.1
2/24/2016,1263.8
2/25/2016,1263.7
2/26/2016,1245.5
2/29/2016,1260
3/1/2016,1257.9
3/2/2016,1269.7
3/3/2016,1287.4
3/4/2016,1302.3
3/7/2016,1297
3/8/2016,1295.7
3/9/2016,1290.1
3/10/2016,1306.8
3/11/2016,1295.3
3/14/2016,1281.1
3/15/2016,1266.9
3/16/2016,1267.6
3/17/2016,1300.8
3/18/2016,1288.7
3/21/2016,1279.4
3/22/2016,1285.5
3/23/2016,1260.7
3/24/2016,1259.1
3/25/2016,1216.7
3/28/2016,1257.4
3/29/2016,1273
3/30/2016,1263.6
3/31/2016,1267.6
4/1/2016,1255.6
4/4/2016,1251.4
4/5/2016,1261.2
4/6/2016,1255.5
4/7/2016,1269
4/8/2016,1274
4/11/2016,1289.1
4/12/2016,1293.1
4/13/2016,1280.6
4/14/2016,1258.8
4/15/2016,1266.4
4/18/2016,1267
4/19/2016,1287.5
4/20/2016,1289
4/21/2016,1286.2
4/22/2016,1265.5
4/25/2016,1275.8
4/26/2016,1279.1
4/27/2016,1286.5
4/28/2016,1303.1
4/29/2016,1327.7
5/2/2016,1333.6
5/3/2016,1329.1
5/4/2016,1310.6
5/5/2016,1307.1
5/6/2016,1329.4
5/9/2016,1302.2
5/10/2016,1300.6
5/11/2016,1311.9
5/12/2016,1307
5/13/2016,1308.8
5/16/2016,1311.1
5/17/2016,1314.2
5/18/2016,1313.6
5/19/2016,1295.2
5/20/2016,1295.2
5/23/2016,1294.2
5/24/2016,1272
5/25/2016,1266.7
5/26/2016,1262.9
5/27/2016,1256.9
5/30/2016,1212.15
5/31/2016,1258.6
6/1/2016,1256.5
6/2/2016,1254.2
6/3/2016,1283.9
6/6/2016,1288.7
6/7/2016,1288.1
6/8/2016,1303.3
6/9/2016,1313.7
6/10/2016,1317
6/13/2016,1328.1
6/14/2016,1325.6
6/15/2016,1326
6/16/2016,1336.6
6/17/2016,1333.9
6/20/2016,1333.8
6/21/2016,1314.2
6/22/2016,1311.7
6/23/2016,1306.6
6/24/2016,1365.7
6/27/2016,1367.7
6/28/2016,1361.1
6/29/2016,1370.3
6/30/2016,1363.9
7/1/2016,1383.2
7/4/2016,1352
7/5/2016,1403.3
7/6/2016,1411.7
7/7/2016,1405.5
7/8/2016,1402.5
7/11/2016,1401.8
7/12/2016,1381.2
7/13/2016,1389.5
7/14/2016,1378.2
7/15/2016,1374
7/18/2016,1375.9
7/19/2016,1379.3
7/20/2016,1366.7
7/21/2016,1379.2
7/22/2016,1372.5
7/25/2016,1368.3
7/26/2016,1369.6
7/27/2016,1378.1
7/28/2016,1384.9
7/29/2016,1401.8
8/1/2016,1402.3
8/2/2016,1415.5
8/3/2016,1410
8/4/2016,1414
8/5/2016,1394
8/8/2016,1391.4
8/9/2016,1396.7
8/10/2016,1401.7
8/11/2016,1400.1
8/12/2016,1392.9
8/15/2016,1396.7
8/16/2016,1405.1
8/17/2016,1396.7
8/18/2016,1405.2
8/19/2016,1394.1
8/22/2016,1391.3
8/23/2016,1393.9
8/24/2016,1376.5
8/25/2016,1370.1
8/26/2016,1369.3
8/29/2016,1370.5
8/30/2016,1360.6
8/31/2016,1354
9/1/2016,1359
9/2/2016,1371.7
9/5/2016,1331.1
9/6/2016,1397.5
9/7/2016,1393.5
9/8/2016,1386.6
9/9/2016,1379.5
9/12/2016,1370.8
9/13/2016,1367.2
9/14/2016,1369.7
9/15/2016,1361.3
9/16/2016,1353.5
9/19/2016,1360.8
9/20/2016,1361.3
9/21/2016,1374.9
9/22/2016,1386.7
9/23/2016,1383.7
9/26/2016,1386.6
9/27/2016,1372.7
9/28/2016,1365.6
9/29/2016,1368
9/30/2016,1359.3
10/3/2016,1354.8
10/4/2016,1311
10/5/2016,1310.2
10/6/2016,1294.4
10/7/2016,1293.4
10/10/2016,1302.8
10/11/2016,1298.4
10/12/2016,1296.6
10/13/2016,1301.2
10/14/2016,1299.3
10/17/2016,1300.7
10/18/2016,1307.5
10/19/2016,1314.3
10/20/2016,1312.6
10/21/2016,1312.1
10/24/2016,1306.3
10/25/2016,1317.7
10/26/2016,1310.7
10/27/2016,1315.6
10/28/2016,1322.7
10/31/2016,1319.3
11/1/2016,1334.4
11/2/2016,1354.4
11/3/2016,1350.2
11/4/2016,1352.1
11/7/2016,1326.8
11/8/2016,1322.6
11/9/2016,1322.1
11/10/2016,1313
11/11/2016,1269.1
11/14/2016,1271.7
11/15/2016,1275.7
11/16/2016,1275.1
11/17/2016,1268.6
11/18/2016,1261.2
11/21/2016,1261.6
11/22/2016,1262.8
11/23/2016,1241.7
11/24/2016,1185.55
11/25/2016,1230.3
11/28/2016,1243.4
11/29/2016,1240.3
11/30/2016,1223.2
12/1/2016,1218.5
12/2/2016,1227.2
12/5/2016,1226.5
12/6/2016,1219.8
12/7/2016,1231.4
12/8/2016,1227.2
12/9/2016,1216.8
12/12/2016,1221.1
12/13/2016,1214.4
12/14/2016,1219.1
12/15/2016,1190.8
12/16/2016,1198.6
12/19/2016,1203.6
12/20/2016,1194.7
12/21/2016,1194.2
12/22/2016,1191.5
12/23/2016,1194.5
12/26/2016,1134.55
12/27/2016,1199.6
12/28/2016,1201.7
12/29/2016,1218.9
12/30/2016,1212.2
1/2/2017,1151.05
1/3/2017,1222.4
1/4/2017,1224.8
1/5/2017,1239.8
1/6/2017,1233.4
1/9/2017,1245.3
1/10/2017,1246.2
1/11/2017,1257.7
1/12/2017,1261
1/13/2017,1259
1/16/2017,1202.85
1/17/2017,1275.1
1/18/2017,1273.4
1/19/2017,1263.2
1/20/2017,1266.9
1/23/2017,1276.6
1/24/2017,1271.8
1/25/2017,1258.8
1/26/2017,1250.6
1/27/2017,1249.4
1/30/2017,1254.1
1/31/2017,1269.5
2/1/2017,1267.2
2/2/2017,1278.3
2/3/2017,1279.9
2/6/2017,1291
2/7/2017,1294.1
2/8/2017,1296
2/9/2017,1293.1
2/10/2017,1292.2
2/13/2017,1282.6
2/14/2017,1282.6
2/15/2017,1291.9
2/16/2017,1300.4
2/17/2017,1297.1
2/20/2017,1238.2
2/21/2017,1296.9
2/22/2017,1291
2/23/2017,1309.4
2/24/2017,1316.1
2/27/2017,1316.8
2/28/2017,1312
3/1/2017,1308.8
3/2/2017,1291.6
3/3/2017,1286.5
3/6/2017,1285
3/7/2017,1275.4
3/8/2017,1269.6
3/9/2017,1263.4
3/10/2017,1261.7
3/13/2017,1264.3
3/14/2017,1264
3/15/2017,1262
3/16/2017,1288.4
3/17/2017,1291.3
3/20/2017,1294.9
3/21/2017,1306.7
3/22/2017,1309.2
3/23/2017,1306.2
3/24/2017,1308.1
3/27/2017,1315.1
3/28/2017,1315.2
3/29/2017,1313.2
3/30/2017,1304.4
3/31/2017,1307.5
4/3/2017,1310.4
4/4/2017,1314.5
4/5/2017,1304.6
4/6/2017,1309.5
4/7/2017,1313.9
4/10/2017,1310.4
4/11/2017,1330.5
4/12/2017,1334.4
4/13/2017,1343.8
4/14/2017,1289.65
4/17/2017,1346.9
4/18/2017,1348
4/19/2017,1337.6
4/20/2017,1338.8
4/21/2017,1344.1
4/24/2017,1332.9
4/25/2017,1323.1
4/26/2017,1320.1
4/27/2017,1321.8
4/28/2017,1324.2
5/1/2017,1311.7
5/2/2017,1313.2
5/3/2017,1304.7
5/4/2017,1284.5
5/5/2017,1282.9
5/8/2017,1283.2
5/9/2017,1272.2
5/10/2017,1274.7
5/11/2017,1280
5/12/2017,1282.8
5/15/2017,1285.1
5/16/2017,1291.5
5/17/2017,1313.3
5/18/2017,1306.3
5/19/2017,1307
5/22/2017,1315.1
5/23/2017,1309.2
5/24/2017,1306.8
5/25/2017,1310.4
5/26/2017,1321.9
5/29/2017,1266.69
5/30/2017,1316.2
5/31/2017,1325.6
6/1/2017,1320.3
6/2/2017,1330.2
6/5/2017,1332.7
6/6/2017,1347.1
6/7/2017,1342.7
6/8/2017,1329
6/9/2017,1321
6/12/2017,1318.6
6/13/2017,1318.3
6/14/2017,1325.3
6/15/2017,1303.9
6/16/2017,1305.8
6/19/2017,1296.1
6/20/2017,1292.5
6/21/2017,1294.6
6/22/2017,1298.1
6/23/2017,1305.4
6/26/2017,1295.4
6/27/2017,1296.1
6/28/2017,1298.5
6/29/2017,1295.4
6/30/2017,1291.7
7/3/2017,1268.6
7/4/2017,1227.55
7/5/2017,1271.6
7/6/2017,1274.4
7/7/2017,1260.1
7/10/2017,1263.7
7/11/2017,1265.4
7/12/2017,1268.9
7/13/2017,1266.2
7/14/2017,1276.5
7/17/2017,1283.1
7/18/2017,1291.2
7/19/2017,1291.4
7/20/2017,1294.8
7/21/2017,1303.6
7/24/2017,1303.1
7/25/2017,1300.9
7/26/2017,1298.9
7/27/2017,1310.2
7/28/2017,1319.1
7/31/2017,1317.2
8/1/2017,1323
8/2/2017,1322.2
8/3/2017,1318.3
8/4/2017,1308.4
8/7/2017,1308.7
8/8/2017,1307.1
8/9/2017,1323.7
8/10/2017,1334.5
8/11/2017,1338.1
8/14/2017,1334.8
8/15/2017,1324.2
8/16/2017,1327.5
8/17/2017,1336.8
8/18/2017,1335.7
8/21/2017,1341
8/22/2017,1335.5
8/23/2017,1338.8
8/24/2017,1336
8/25/2017,1341.9
8/28/2017,1359.7
8/29/2017,1362.8
8/30/2017,1358
8/31/2017,1365.6
9/1/2017,1374.2
9/4/2017,1338.08
9/5/2017,1388.3
9/6/2017,1383
9/7/2017,1395.1
9/8/2017,1396.4
9/11/2017,1381.2
9/12/2017,1378.9
9/13/2017,1373.8
9/14/2017,1376.3
9/15/2017,1372.2
9/18/2017,1357.4
9/19/2017,1358.3
9/20/2017,1364
9/21/2017,1342.4
9/22/2017,1345.1
9/25/2017,1359.2
9/26/2017,1349.7
9/27/2017,1336.3
9/28/2017,1336.9
9/29/2017,1333.2
10/2/2017,1324.7
10/3/2017,1323.4
10/4/2017,1325.6
10/5/2017,1322.6
10/6/2017,1324.3
10/9/2017,1334.7
10/10/2017,1343.7
10/11/2017,1338.8
10/12/2017,1346.6
10/13/2017,1354.7
10/16/2017,1353.9
10/17/2017,1336.7
10/18/2017,1333.5
10/19/2017,1340.1
10/20/2017,1330.4
10/23/2017,1331.1
10/24/2017,1328.4
10/25/2017,1329.7
10/26/2017,1320.3
10/27/2017,1322
10/30/2017,1327.8
10/31/2017,1320.6
11/1/2017,1327.5
11/2/2017,1328.3
11/3/2017,1319.8
11/6/2017,1332.4
11/7/2017,1326.5
11/8/2017,1334.9
11/9/2017,1339.4
11/10/2017,1327.1
11/13/2017,1332.5
11/14/2017,1336.3
11/15/2017,1330.8
11/16/2017,1331.5
11/17/2017,1350.1
11/20/2017,1329.4
11/21/2017,1336.5
11/22/2017,1347.1
11/23/2017,1291.66
11/24/2017,1342.3
11/27/2017,1349.4
11/28/2017,1349.7
11/29/2017,1337.1
11/30/2017,1328
12/1/2017,1333.5
12/4/2017,1328.7
12/5/2017,1315.8
12/6/2017,1316.9
12/7/2017,1303.7
12/8/2017,1298.8
12/11/2017,1297.5
12/12/2017,1292.6
12/13/2017,1299.4
12/14/2017,1307.9
12/15/2017,1308.1
12/18/2017,1316.3
12/19/2017,1315.5
12/20/2017,1321.1
12/21/2017,1322
12/22/2017,1330.5
12/25/2017,1277.9
12/26/2017,1339.2
12/27/2017,1343
12/28/2017,1350.1
12/29/2017,1362.6
1/1/2018,1308.7
1/2/2018,1370.5
1/3/2018,1374.2
1/4/2018,1377.4
1/5/2018,1378.4
1/8/2018,1376.8
1/9/2018,1370
1/10/2018,1377
1/11/2018,1380.1
1/12/2018,1394.4
1/15/2018,1341.8
1/16/2018,1396.8
1/17/2018,1399.7
1/18/2018,1387.4
1/19/2018,1394.3
1/22/2018,1394
1/23/2018,1398.2
1/24/2018,1419.1
1/25/2018,1425.9
1/26/2018,1416
1/29/2018,1403.6
1/30/2018,1398.5
1/31/2018,1401.7
2/1/2018,1406.7
2/2/2018,1396.2
2/5/2018,1394.5
2/6/2018,1387
2/7/2018,1372.3
2/8/2018,1376.4
2/9/2018,1372.3
2/12/2018,1383.1
2/13/2018,1387
2/14/2018,1415.1
2/15/2018,1413.7
2/16/2018,1415
2/19/2018,1347.8
2/20/2018,1390.1
2/21/2018,1392.3
2/22/2018,1393.1
2/23/2018,1390.7
2/26/2018,1394.8
2/27/2018,1381.3
2/28/2018,1380.8
3/1/2018,1367.6
3/2/2018,1385.8
3/5/2018,1382.1
3/6/2018,1397.5
3/7/2018,1389.5
3/8/2018,1384
3/9/2018,1386.9
3/12/2018,1383.7
3/13/2018,1390.3
3/14/2018,1388.6
3/15/2018,1380.6
3/16/2018,1375.2
3/19/2018,1380.6
3/20/2018,1375.1
3/21/2018,1385.5
3/22/2018,1391.1
3/23/2018,1413.9
3/26/2018,1419.9
3/27/2018,1406.7
3/28/2018,1387.8
3/29/2018,1384.9
3/30/2018,1384.9
4/2/2018,1404.7
4/3/2018,1395.4
4/4/2018,1398.6
4/5/2018,1387
4/6/2018,1394.8
4/9/2018,1398.5
4/10/2018,1404.4
4/11/2018,1418.9
4/12/2018,1400.3
4/13/2018,1406.6
4/16/2018,1409.3
4/17/2018,1408
4/18/2018,1412.2
4/19/2018,1407.5
4/20/2018,1396.9
4/23/2018,1382.7
4/24/2018,1391.8
4/25/2018,1381.6
4/26/2018,1376.7
4/27/2018,1382.3
4/30/2018,1377.8
5/1/2018,1365.1
5/2/2018,1364
5/3/2018,1371.1
5/4/2018,1373.4
5/7/2018,1372.9
5/8/2018,1372.5
5/9/2018,1371.7
5/10/2018,1380.8
5/11/2018,1379.1
5/14/2018,1376.6
5/15/2018,1348.5
5/16/2018,1350.1
5/17/2018,1347.9
5/18/2018,1349.2
5/21/2018,1349
5/22/2018,1350
5/23/2018,1347.4
5/24/2018,1362.4
5/25/2018,1361.4
5/28/2018,1297.6
5/29/2018,1354.6
5/30/2018,1357.6
5/31/2018,1355.9
6/1/2018,1350.9
6/4/2018,1349.4
6/5/2018,1354.1
6/6/2018,1353.5
6/7/2018,1354.4
6/8/2018,1354.4
6/11/2018,1355.5
6/12/2018,1351.8
6/13/2018,1353.5
6/14/2018,1360.6
6/15/2018,1329.3
6/18/2018,1331.1
6/19/2018,1329.2
6/20/2018,1325.3
6/21/2018,1321
6/22/2018,1321.3
6/25/2018,1319.2
6/26/2018,1309.6
6/27/2018,1305.7
6/28/2018,1300.2
6/29/2018,1303.9
7/2/2018,1289.9
7/3/2018,1302.4
7/4/2018,1258.1
7/5/2018,1307.6
7/6/2018,1304.8
7/9/2018,1309
7/10/2018,1305.1
7/11/2018,1293.3
7/12/2018,1295.4
7/13/2018,1289.7
7/16/2018,1288.2
7/17/2018,1275.3
7/18/2018,1275.7
7/19/2018,1271.1
7/20/2018,1277.5
7/23/2018,1271.4
7/24/2018,1271.5
7/25/2018,1277.4
7/26/2018,1271.8
7/27/2018,1269.3
7/30/2018,1268
7/31/2018,1270.1
8/1/2018,1264.3
8/2/2018,1256.5
8/3/2018,1259.7
8/6/2018,1254.1
8/7/2018,1254.7
8/8/2018,1257.3
8/9/2018,1256.3
8/10/2018,1255.1
8/13/2018,1234.6
8/14/2018,1236.4
8/15/2018,1220.2
8/16/2018,1219.2
8/17/2018,1219.3
8/20/2018,1229.6
8/21/2018,1234.9
8/22/2018,1238.2
8/23/2018,1228.4
8/24/2018,1248.2
8/27/2018,1251.2
8/28/2018,1249.6
8/29/2018,1246.5
8/30/2018,1239.5
8/31/2018,1241.1
9/3/2018,1206.3
9/4/2018,1233.6
9/5/2018,1236
9/6/2018,1239.1
9/7/2018,1235.5
9/10/2018,1235
9/11/2018,1237.6
9/12/2018,1246.6
9/13/2018,1243.8
9/14/2018,1236.6
9/17/2018,1241.2
9/18/2018,1238.3
9/19/2018,1244.1
9/20/2018,1247
9/21/2018,1236.9
9/24/2018,1240
9/25/2018,1240.8
9/26/2018,1234.4
9/27/2018,1222.4
9/28/2018,1231.3
10/1/2018,1227
10/2/2018,1242.7
10/3/2018,1238.7
10/4/2018,1237.5
10/5/2018,1242.2
10/8/2018,1224.9
10/9/2018,1227.8
10/10/2018,1229.4
10/11/2018,1264
10/12/2018,1258.1
10/15/2018,1266.9
10/16/2018,1267.3
10/17/2018,1263.4
10/18/2018,1266.6
10/19/2018,1265.3
10/22/2018,1261.3
10/23/2018,1273.5
10/24/2018,1267.6
10/25/2018,1269
10/26/2018,1272.3
10/29/2018,1263.7
10/30/2018,1261.5
10/31/2018,1250.8
11/1/2018,1274.8
11/2/2018,1269.9
11/5/2018,1269
11/6/2018,1263
11/7/2018,1265.4
11/8/2018,1262
11/9/2018,1245
11/12/2018,1239.6
11/13/2018,1237.5
11/14/2018,1246.2
11/15/2018,1251.7
11/16/2018,1259
11/19/2018,1261.6
11/20/2018,1257.5
11/21/2018,1264.7
11/22/2018,1228
11/23/2018,1260
11/26/2018,1259.7
11/27/2018,1250.4
11/28/2018,1260.2
11/29/2018,1260.8
11/30/2018,1256.5
12/3/2018,1270.2
12/4/2018,1277.4
12/5/2018,1273.4
12/6/2018,1274.3
12/7/2018,1283.6
12/10/2018,1280
12/11/2018,1278.1
12/12/2018,1281
12/13/2018,1278.4
12/14/2018,1272.2
12/17/2018,1282.6
12/18/2018,1284
12/19/2018,1286.8
12/20/2018,1298.6
12/21/2018,1288.6
12/24/2018,1302.4
12/25/2018,1270.75
12/26/2018,1303.7
12/27/2018,1311.9
12/28/2018,1313.7
12/31/2018,1312.5
1/1/2019,1283.35
